-59319634674.5,-10099441496.0,0.0,0.0,0.0,0.0,118953286017.0,0.0,0.0,42094660787.2,0.0,0.0,0.0,-21783470330.4
59319634674.5,10099441496.0,0.0,0.0,0.0,0.0,-118953286017.0,0.0,0.0,-42094660787.2,0.0,0.0,0.0,21783470330.4
59319634674.5,10099441496.0,0.0,0.0,0.0,0.0,-118953286017.0,0.0,0.0,-42094660787.2,0.0,0.0,0.0,21783470330.4
59319634674.5,10099441496.0,0.0,0.0,0.0,0.0,-118953286017.0,0.0,0.0,-42094660787.2,0.0,0.0,0.0,21783470330.4
-59319634674.5,-10099441496.0,0.0,0.0,0.0,0.0,118953286017.0,0.0,0.0,42094660787.2,0.0,0.0,0.0,-21783470330.4
-59319634674.5,-10099441496.0,0.0,0.0,0.0,0.0,118953286017.0,0.0,0.0,42094660787.2,0.0,0.0,0.0,-21783470330.4
59319634674.5,10099441496.0,0.0,0.0,0.0,0.0,-118953286017.0,0.0,0.0,-42094660787.2,0.0,0.0,0.0,21783470330.4
-59319634674.5,-10099441496.0,0.0,0.0,0.0,0.0,118953286017.0,0.0,0.0,42094660787.2,0.0,0.0,0.0,-21783470330.4
59319634674.5,10099441496.0,0.0,0.0,0.0,0.0,-118953286017.0,0.0,0.0,-42094660787.2,0.0,0.0,0.0,21783470330.4
59319634674.5,10099441496.0,0.0,0.0,0.0,0.0,-118953286017.0,0.0,0.0,-42094660787.2,0.0,0.0,0.0,21783470330.4
-59319634674.5,-10099441496.0,0.0,0.0,0.0,0.0,118953286017.0,0.0,0.0,42094660787.2,0.0,0.0,0.0,-21783470330.4
-59319634674.5,-10099441496.0,0.0,0.0,0.0,0.0,118953286017.0,0.0,0.0,42094660787.2,0.0,0.0,0.0,-21783470330.4
59319634674.5,10099441496.0,0.0,0.0,0.0,0.0,-118953286017.0,0.0,0.0,-42094660787.2,0.0,0.0,0.0,21783470330.4
59319634674.5,10099441496.0,0.0,0.0,0.0,0.0,-118953286017.0,0.0,0.0,-42094660787.2,0.0,0.0,0.0,21783470330.4
0.0,-47166424954.4,0.0,0.0,0.0,125362309702.0,0.0,81790434876.5,-60017717299.3,145316346199.0,-59945847969.8,59054816336.7,0.0,0.0
0.0,-18120151074.8,0.0,0.0,0.0,48161038134.1,0.0,31421822575.4,-23057293523.5,55826875776.6,-23029683139.4,22687371255.0,0.0,0.0
0.0,0.0,0.0,0.0,0.0,0.0,0.0,0.0,0.0,0.0,0.0,0.0,0.0,0.0
0.0,0.0,0.0,0.0,0.0,0.0,0.0,0.0,0.0,0.0,0.0,0.0,0.0,0.0
0.0,0.0,0.0,0.0,0.0,0.0,0.0,0.0,0.0,0.0,0.0,0.0,0.0,0.0
0.0,0.0,0.0,0.0,0.0,0.0,0.0,0.0,0.0,0.0,0.0,0.0,0.0,0.0
0.0,-4302124526.82,0.0,0.0,0.0,11434495360.4,0.0,7460235459.47,-5474311311.21,13254534719.0,-5467755995.52,5386483585.19,0.0,0.0
0.0,0.0,0.0,0.0,0.0,0.0,0.0,0.0,0.0,0.0,0.0,0.0,0.0,0.0
0.0,0.0,0.0,0.0,0.0,0.0,0.0,0.0,0.0,0.0,0.0,0.0,0.0,0.0
0.0,-4090990642.6,0.0,0.0,0.0,10873328568.4,0.0,7094112052.32,-5205650419.75,12604046482.0,-5199416817.03,5122132984.8,0.0,0.0
0.0,0.0,0.0,0.0,0.0,0.0,0.0,0.0,0.0,0.0,0.0,0.0,0.0,0.0
0.0,0.0,0.0,0.0,0.0,0.0,0.0,0.0,0.0,0.0,0.0,0.0,0.0,0.0
0.0,0.0,0.0,0.0,0.0,0.0,0.0,0.0,0.0,0.0,0.0,0.0,0.0,0.0
0.0,-42260963112.0,0.0,0.0,0.0,112324221118.0,0.0,73283963212.6,-53775679189.3,130202972818.0,-53711284504.1,52912923063.4,0.0,0.0
0.0,0.0,0.0,0.0,0.0,0.0,0.0,0.0,0.0,0.0,0.0,0.0,0.0,0.0
0.0,178658292448.0,-144089759876.0,0.0,0.0,0.0,0.0,0.0,30028862171.4,0.0,5421386667.91,0.0,0.0,119250265858.0
0.0,0.0,0.0,0.0,0.0,0.0,0.0,0.0,0.0,0.0,0.0,0.0,0.0,0.0
0.0,0.0,0.0,0.0,0.0,0.0,0.0,0.0,0.0,0.0,0.0,0.0,0.0,0.0
0.0,0.0,0.0,0.0,0.0,0.0,0.0,0.0,0.0,0.0,0.0,0.0,0.0,0.0
0.0,192482324977.0,-155238985026.0,0.0,0.0,0.0,0.0,0.0,32352403730.9,0.0,5840876995.61,0.0,0.0,128477486893.0
0.0,0.0,0.0,0.0,0.0,0.0,0.0,0.0,0.0,0.0,0.0,0.0,0.0,0.0
0.0,13529680699.2,-10911827357.3,0.0,0.0,0.0,0.0,0.0,2274066942.94,0.0,410558220.156,0.0,0.0,9030748017.56
0.0,78145300543.6,-63024992775.0,0.0,0.0,0.0,0.0,0.0,13134651782.5,0.0,2371319487.73,0.0,0.0,52160175369.6
0.0,77942934567.7,-62861782523.4,0.0,0.0,0.0,0.0,0.0,13100638136.1,0.0,2365178691.3,0.0,0.0,52025100775.1
0.0,18470748457.3,-14896849586.2,0.0,0.0,0.0,0.0,0.0,3104560958.38,0.0,560494942.945,0.0,0.0,12328796127.7
0.0,215281418067.0,-173626689307.0,0.0,0.0,0.0,0.0,0.0,36184472282.9,0.0,6532715575.43,0.0,0.0,143695352658.0
0.0,0.0,0.0,0.0,0.0,0.0,0.0,0.0,0.0,0.0,0.0,0.0,0.0,0.0
0.0,0.0,0.0,0.0,0.0,0.0,0.0,0.0,0.0,0.0,0.0,0.0,0.0,0.0
0.0,0.0,0.0,0.0,0.0,0.0,0.0,0.0,0.0,0.0,0.0,0.0,0.0,0.0
0.0,0.0,0.0,-61687887875.2,0.0,-165191801917.0,-33115465933.5,38776622628.7,155588636172.0,0.0,55444252789.5,0.0,-103170043053.0,0.0
0.0,0.0,0.0,-53996459388.6,0.0,-144595199005.0,-28986531602.9,33941838521.6,136189384396.0,0.0,48531299209.7,0.0,-90306496651.5,0.0
0.0,0.0,0.0,0.0,0.0,0.0,0.0,0.0,0.0,0.0,0.0,0.0,0.0,0.0
0.0,0.0,0.0,0.0,0.0,0.0,0.0,0.0,0.0,0.0,0.0,0.0,0.0,0.0
0.0,0.0,0.0,0.0,0.0,0.0,0.0,0.0,0.0,0.0,0.0,0.0,0.0,0.0
0.0,0.0,0.0,0.0,0.0,0.0,0.0,0.0,0.0,0.0,0.0,0.0,0.0,0.0
0.0,0.0,0.0,0.0,0.0,0.0,0.0,0.0,0.0,0.0,0.0,0.0,0.0,0.0
0.0,0.0,0.0,-78924771141.3,0.0,-211349838839.0,-42368618217.7,49611620238.9,199063348172.0,0.0,70936534111.4,0.0,-131997906187.0,0.0
0.0,0.0,0.0,0.0,0.0,0.0,0.0,0.0,0.0,0.0,0.0,0.0,0.0,0.0
0.0,0.0,0.0,-102788656699.0,0.0,-275254089604.0,-55179296560.6,64612310270.5,259252625769.0,0.0,92385076912.4,0.0,-171909113803.0,0.0
0.0,0.0,0.0,0.0,0.0,0.0,0.0,0.0,0.0,0.0,0.0,0.0,0.0,0.0
0.0,0.0,0.0,0.0,0.0,0.0,0.0,0.0,0.0,0.0,0.0,0.0,0.0,0.0
0.0,0.0,0.0,-63381725532.1,0.0,-169727669562.0,-34024756641.2,39841358444.4,159860818281.0,0.0,56966651537.0,0.0,-106002905549.0,0.0
0.0,0.0,0.0,0.0,0.0,0.0,0.0,0.0,0.0,0.0,0.0,0.0,0.0,0.0
0.0,0.0,0.0,0.0,0.0,0.0,0.0,0.0,0.0,0.0,0.0,0.0,0.0,0.0
0.0,0.0,0.0,0.0,0.0,0.0,0.0,0.0,0.0,0.0,0.0,0.0,0.0,0.0
69888241818.8,44610124298.2,-7861672125.25,0.0,43542096063.6,0.0,0.0,0.0,0.0,0.0,46786634780.3,-123915267127.0,0.0,0.0
0.0,0.0,0.0,0.0,0.0,0.0,0.0,0.0,0.0,0.0,0.0,0.0,0.0,0.0
3591541536.98,2292504578.98,-404009619.545,0.0,2237618840.45,0.0,0.0,0.0,0.0,0.0,2404354978.97,-6367978609.4,0.0,0.0
63916659832.2,40798424250.5,-7189933669.31,0.0,39821653400.5,0.0,0.0,0.0,0.0,0.0,42788963380.9,-113327360523.0,0.0,0.0
101222739135.0,64611139972.7,-11386464532.3,0.0,63064259688.3,0.0,0.0,0.0,0.0,0.0,67763492171.2,-179472861711.0,0.0,0.0
92691963650.7,59165889887.8,-10426844457.7,0.0,57749376441.1,0.0,0.0,0.0,0.0,0.0,62052570468.6,-164347380008.0,0.0,0.0
0.0,0.0,0.0,0.0,0.0,0.0,0.0,0.0,0.0,0.0,0.0,0.0,0.0,0.0
222805555096.0,142218250860.0,-25063217735.4,0.0,138813348727.0,0.0,0.0,0.0,0.0,0.0,149157023585.0,-395045134325.0,0.0,0.0
0.0,0.0,0.0,0.0,0.0,0.0,0.0,0.0,0.0,0.0,0.0,0.0,0.0,0.0
36883531600.2,23543000745.5,-4148998811.75,0.0,22979348661.6,0.0,0.0,0.0,0.0,0.0,24691654525.5,-65396303467.8,0.0,0.0
0.0,0.0,0.0,0.0,0.0,0.0,0.0,0.0,0.0,0.0,0.0,0.0,0.0,0.0
129249890221.0,-125256392382.0,0.0,26733764166.7,-13768122117.2,-134856110904.0,0.0,0.0,0.0,-56431313243.5,-19543907112.0,0.0,-38145359652.9,0.0
25663168526.1,-24870240904.3,0.0,5308113561.8,-2733724861.01,-26776309790.1,0.0,0.0,0.0,-11204700440.6,-3880533910.04,0.0,-7573939069.38,0.0
224175206459.0,-217248754134.0,0.0,46367908639.8,-23879878063.2,-233898817650.0,0.0,0.0,0.0,-97876302064.6,-33897587103.1,0.0,-66160550395.9,0.0
0.0,0.0,0.0,0.0,0.0,0.0,0.0,0.0,0.0,0.0,0.0,0.0,0.0,0.0
83293369902.3,-80719813420.5,0.0,17228218173.3,-8872682881.21,-86906224135.9,0.0,0.0,0.0,-36366408048.9,-12594810576.8,0.0,-24582268860.6,0.0
0.0,0.0,0.0,0.0,0.0,0.0,0.0,0.0,0.0,0.0,0.0,0.0,0.0,0.0
0.0,0.0,0.0,0.0,0.0,0.0,0.0,0.0,0.0,0.0,0.0,0.0,0.0,0.0
0.0,0.0,0.0,0.0,0.0,0.0,0.0,0.0,0.0,0.0,0.0,0.0,0.0,0.0
0.0,0.0,0.0,0.0,0.0,0.0,0.0,0.0,0.0,0.0,0.0,0.0,0.0,0.0
0.0,0.0,0.0,0.0,0.0,0.0,0.0,0.0,0.0,0.0,0.0,0.0,0.0,0.0
78562459654.7,-76135076448.7,0.0,16249687061.0,-8368730808.97,-81970110411.3,0.0,0.0,0.0,-34300862943.6,-11879448495.9,0.0,-23186041192.1,0.0
16481612039.2,-15972371513.3,0.0,3409020530.6,-1755675357.67,-17196502815.1,0.0,0.0,0.0,-7195975254.98,-2492188536.47,0.0,-4864197701.2,0.0
0.0,0.0,0.0,0.0,0.0,0.0,0.0,0.0,0.0,0.0,0.0,0.0,0.0,0.0
0.0,0.0,0.0,0.0,0.0,0.0,0.0,0.0,0.0,0.0,0.0,0.0,0.0,0.0
187735542511.0,-171739088793.0,0.0,0.0,0.0,0.0,0.0,89289164196.2,0.0,357419761657.0,51421264573.0,0.0,-24390954494.5,0.0
15148127820.2,-13857395536.1,0.0,0.0,0.0,0.0,0.0,7204622279.35,0.0,28839718694.8,4149112512.26,0.0,-1968073234.28,0.0
0.0,0.0,0.0,0.0,0.0,0.0,0.0,0.0,0.0,0.0,0.0,0.0,0.0,0.0
93095421575.6,-85163004609.3,0.0,0.0,0.0,0.0,0.0,44277243785.6,0.0,177239445157.0,25499083654.3,0.0,-12095132125.4,0.0
151296844087.0,-138405236394.0,0.0,0.0,0.0,0.0,0.0,71958503826.0,0.0,288046052600.0,41440608127.8,0.0,-19656770316.0,0.0
2792735015.13,-2554773381.34,0.0,0.0,0.0,0.0,0.0,1328256610.27,0.0,5316940362.63,764937550.846,0.0,-362837381.553,0.0
0.0,0.0,0.0,0.0,0.0,0.0,0.0,0.0,0.0,0.0,0.0,0.0,0.0,0.0
0.0,0.0,0.0,0.0,0.0,0.0,0.0,0.0,0.0,0.0,0.0,0.0,0.0,0.0
0.0,0.0,0.0,0.0,0.0,0.0,0.0,0.0,0.0,0.0,0.0,0.0,0.0,0.0
48076358149.2,-43979897629.4,0.0,0.0,0.0,0.0,0.0,22865664004.4,0.0,91530033371.2,13168242406.5,0.0,-6246170800.65,0.0
39065099569.8,-35736464784.4,0.0,0.0,0.0,0.0,0.0,18579806696.0,0.0,74373975170.5,10700034706.7,0.0,-5075411151.17,0.0
0.0,0.0,0.0,0.0,0.0,0.0,0.0,0.0,0.0,0.0,0.0,0.0,0.0,0.0
58075896371.6,-53127401398.3,0.0,0.0,0.0,0.0,0.0,27621558377.3,0.0,110567624870.0,15907142529.8,0.0,-7545329598.65,0.0
0.0,0.0,0.0,0.0,0.0,0.0,0.0,0.0,0.0,0.0,0.0,0.0,0.0,0.0
-1985342981.77,0.0,0.0,0.0,-93331985996.1,46566111384.0,90721752760.8,0.0,0.0,0.0,33179074639.3,40732178331.7,76868503802.0,188033093960.0
-749712.506535,0.0,0.0,0.0,-35244367.2472,17584465.9617,34258681.3887,0.0,0.0,0.0,12529203.9919,15381434.7416,29027366.6506,71005747.3588
0.0,0.0,0.0,0.0,0.0,0.0,0.0,0.0,0.0,0.0,0.0,0.0,0.0,0.0
0.0,0.0,0.0,0.0,0.0,0.0,0.0,0.0,0.0,0.0,0.0,0.0,0.0,0.0
0.0,0.0,0.0,0.0,0.0,0.0,0.0,0.0,0.0,0.0,0.0,0.0,0.0,0.0
0.0,0.0,0.0,0.0,0.0,0.0,0.0,0.0,0.0,0.0,0.0,0.0,0.0,0.0
0.0,0.0,0.0,0.0,0.0,0.0,0.0,0.0,0.0,0.0,0.0,0.0,0.0,0.0
-898091268.878,0.0,0.0,0.0,-42219728530.5,21064681742.0,41038961428.8,0.0,0.0,0.0,15008911566.7,18425639326.8,34772295140.1,85058794120.7
0.0,0.0,0.0,0.0,0.0,0.0,0.0,0.0,0.0,0.0,0.0,0.0,0.0,0.0
-50863118.0978,0.0,0.0,0.0,-2391101119.36,1192991661.61,2324228743.9,0.0,0.0,0.0,850025011.927,1043530319.9,1969318058.79,4817278199.38
-407629545.05,0.0,0.0,0.0,-19162872783.0,9560928752.62,18626941109.7,0.0,0.0,0.0,6812309623.38,8363108780.05,15782599541.4,38606852946.3
0.0,0.0,0.0,0.0,0.0,0.0,0.0,0.0,0.0,0.0,0.0,0.0,0.0,0.0
-388097341.714,0.0,0.0,0.0,-18244653943.7,9102801988.39,17734402269.7,0.0,0.0,0.0,6485887217.62,7962377421.89,15026351749.3,36756945570.7
0.0,0.0,0.0,0.0,0.0,0.0,0.0,0.0,0.0,0.0,0.0,0.0,0.0,0.0
-12290751662.1,0.0,0.0,21665364526.5,4889882138.68,0.0,25561781177.0,0.0,0.0,34004780604.7,-14628439658.8,0.0,0.0,18748835356.5
0.0,0.0,0.0,0.0,0.0,0.0,0.0,0.0,0.0,0.0,0.0,0.0,0.0,0.0
0.0,0.0,0.0,0.0,0.0,0.0,0.0,0.0,0.0,0.0,0.0,0.0,0.0,0.0
0.0,0.0,0.0,0.0,0.0,0.0,0.0,0.0,0.0,0.0,0.0,0.0,0.0,0.0
-11507569428.1,0.0,0.0,20284820109.2,4578292666.94,0.0,23932952164.8,0.0,0.0,31837952995.2,-13696296990.2,0.0,0.0,17554135865.0
-38857051393.8,0.0,0.0,68494767937.3,15459298730.9,0.0,80813238459.1,0.0,0.0,107505671249.0,-46247621566.1,0.0,0.0,59274198930.1
-4080376490.43,0.0,0.0,7192631215.78,1623379974.48,0.0,8486193020.2,0.0,0.0,11289163686.3,-4856459793.2,0.0,0.0,6224379851.98
0.0,0.0,0.0,0.0,0.0,0.0,0.0,0.0,0.0,0.0,0.0,0.0,0.0,0.0
0.0,0.0,0.0,0.0,0.0,0.0,0.0,0.0,0.0,0.0,0.0,0.0,0.0,0.0
0.0,0.0,0.0,0.0,0.0,0.0,0.0,0.0,0.0,0.0,0.0,0.0,0.0,0.0
-3762773845.26,0.0,0.0,6632781234.98,1497021591.82,0.0,7825656582.7,0.0,0.0,10410453533.7,-4478449460.06,0.0,0.0,5739895268.23
-42695124520.6,0.0,0.0,75260282013.0,16986278182.3,0.0,88795499276.4,0.0,0.0,118124455047.0,-50815692151.6,0.0,0.0,65128958925.1
-26277749164.9,0.0,0.0,46320764607.7,10454616594.5,0.0,54651342118.2,0.0,0.0,72702558777.5,-31275749327.1,0.0,0.0,40085196265.8
-17705682623.3,0.0,0.0,31210464483.3,7044215324.9,0.0,36823523674.4,0.0,0.0,48986251582.7,-21073284774.8,0.0,0.0,27009001361.7
37196799176.6,0.0,0.0,64215862892.3,21073670675.0,0.0,0.0,0.0,40345494128.3,0.0,0.0,22626302011.5,0.0,0.0
0.0,0.0,0.0,0.0,0.0,0.0,0.0,0.0,0.0,0.0,0.0,0.0,0.0,0.0
0.0,0.0,0.0,0.0,0.0,0.0,0.0,0.0,0.0,0.0,0.0,0.0,0.0,0.0
32321010427.1,0.0,0.0,55798391799.0,18311315615.9,0.0,0.0,0.0,35056971709.2,0.0,0.0,19660426688.0,0.0,0.0
4882977231.74,0.0,0.0,8429881155.39,2766427659.72,0.0,0.0,0.0,5296319403.62,0.0,0.0,2970247978.49,0.0,0.0
0.0,0.0,0.0,0.0,0.0,0.0,0.0,0.0,0.0,0.0,0.0,0.0,0.0,0.0
33239973554.2,0.0,0.0,57384872665.1,18831949829.9,0.0,0.0,0.0,36053724716.7,0.0,0.0,20219419335.5,0.0,0.0
0.0,0.0,0.0,0.0,0.0,0.0,0.0,0.0,0.0,0.0,0.0,0.0,0.0,0.0
0.0,0.0,0.0,0.0,0.0,0.0,0.0,0.0,0.0,0.0,0.0,0.0,0.0,0.0
67229974542.4,0.0,0.0,116064578755.0,38088824155.7,0.0,0.0,0.0,72920966405.4,0.0,0.0,40895070057.0,0.0,0.0
27613425556.8,0.0,0.0,47671304757.2,15644255669.1,0.0,0.0,0.0,29950891563.9,0.0,0.0,16796867473.8,0.0,0.0
0.0,0.0,0.0,0.0,0.0,0.0,0.0,0.0,0.0,0.0,0.0,0.0,0.0,0.0
0.0,0.0,0.0,0.0,0.0,0.0,0.0,0.0,0.0,0.0,0.0,0.0,0.0,0.0
125888669979.0,0.0,0.0,217331860537.0,71321630666.4,0.0,0.0,0.0,136545098177.0,0.0,0.0,76576348767.1,0.0,0.0
-19017598255.6,78407017849.8,1305044829.83,0.0,-11871446751.6,15036720999.9,34772856642.9,31639092132.0,0.0,0.0,0.0,61974210894.2,-29237541882.3,-24889092222.5
0.0,0.0,0.0,0.0,0.0,0.0,0.0,0.0,0.0,0.0,0.0,0.0,0.0,0.0
0.0,0.0,0.0,0.0,0.0,0.0,0.0,0.0,0.0,0.0,0.0,0.0,0.0,0.0
-9785332971.37,40343621031.5,671498999.547,0.0,-6108345425.9,7737008627.71,17892058505.1,16279608353.4,0.0,0.0,0.0,31888269017.3,-15043912419.3,-12806457023.6
-866809653.749,3573740441.9,59483087.2892,0.0,-541092755.77,685363879.723,1584923996.26,1442089065.47,0.0,0.0,0.0,2824743880.09,-1332627980.41,-1134428497.31
0.0,0.0,0.0,0.0,0.0,0.0,0.0,0.0,0.0,0.0,0.0,0.0,0.0,0.0
0.0,0.0,0.0,0.0,0.0,0.0,0.0,0.0,0.0,0.0,0.0,0.0,0.0,0.0
0.0,0.0,0.0,0.0,0.0,0.0,0.0,0.0,0.0,0.0,0.0,0.0,0.0,0.0
-18265583306.3,75306560644.0,1253439300.66,0.0,-11402012845.9,14442122311.5,33397829803.4,30387984082.3,0.0,0.0,0.0,59523557955.1,-28081398594.5,-23904900150.9
0.0,0.0,0.0,0.0,0.0,0.0,0.0,0.0,0.0,0.0,0.0,0.0,0.0,0.0
0.0,0.0,0.0,0.0,0.0,0.0,0.0,0.0,0.0,0.0,0.0,0.0,0.0,0.0
-25761424120.3,106210911267.0,1767826457.65,0.0,-16081177579.8,20368888954.9,47103650829.7,42858622852.3,0.0,0.0,0.0,83950870657.2,-39605459456.2,-33715007126.4
0.0,0.0,0.0,0.0,0.0,0.0,0.0,0.0,0.0,0.0,0.0,0.0,0.0,0.0
0.0,0.0,0.0,0.0,0.0,0.0,0.0,0.0,0.0,0.0,0.0,0.0,0.0,0.0
0.0,-23526624498.4,-19272692055.1,-16391359579.1,-48047064072.3,0.0,-22712824123.1,39877468507.3,-41707609658.6,15545652226.7,0.0,95553173795.1,0.0,50434610819.0
0.0,-10238627731.1,-8387345126.45,-7133408736.49,-20909757056.0,0.0,-9884467316.37,17354404365.7,-18150869406.6,6765362621.31,0.0,41584094440.8,0.0,21948801239.0
0.0,-707298921.189,-579409693.894,-492785990.098,-1444475665.73,0.0,-682833017.569,1198866860.69,-1253887795.04,467360842.602,0.0,2872688206.77,0.0,1516254311.17
0.0,0.0,0.0,0.0,0.0,0.0,0.0,0.0,0.0,0.0,0.0,0.0,0.0,0.0
0.0,-2143265966.71,-1755734443.39,-1493246221.37,-4377068084.44,0.0,-2069129082.0,3632821236.05,-3799546353.97,1416202623.97,0.0,8704855446.65,0.0,4594572626.43
0.0,-13461304359.6,-11027318160.3,-9378696896.24,-27491243085.4,0.0,-12995669583.1,22816819331.9,-23863977076.9,8894805802.13,0.0,54672966581.8,0.0,28857333381.6
0.0,-24027605587.4,-19683088976.0,-16740400775.9,-49070188766.1,0.0,-23196475968.9,40726628045.8,-42595740623.2,15876684746.2,0.0,97587903982.4,0.0,51508576455.5
0.0,-16968192044.1,-13900113040.9,-11821999251.2,-34653156911.3,0.0,-16381251871.1,28760970104.9,-30080929392.9,11212046694.3,0.0,68916159370.6,0.0,36375135842.7
0.0,0.0,0.0,0.0,0.0,0.0,0.0,0.0,0.0,0.0,0.0,0.0,0.0,0.0
0.0,0.0,0.0,0.0,0.0,0.0,0.0,0.0,0.0,0.0,0.0,0.0,0.0,0.0
0.0,0.0,0.0,0.0,0.0,0.0,0.0,0.0,0.0,0.0,0.0,0.0,0.0,0.0
0.0,-20651325164.1,-16917285794.4,-14388094500.0,-42175006593.4,0.0,-19936983156.9,35003855692.2,-36610326693.4,13645745017.3,0.0,83875171410.3,0.0,44270760032.8
0.0,-14174114254.9,-11611242369.6,-9875322466.42,-28946973494.8,0.0,-13683822946.9,24025027256.2,-25127634635.5,9365808122.82,0.0,57568037560.5,0.0,30385401705.3
0.0,-8721212511.51,-7144299136.19,-6076202315.02,-17810827743.6,0.0,-8419540420.16,14782395889.3,-15460820875.7,5762702452.65,0.0,35421126174.5,0.0,18695880444.6
0.0,0.0,0.0,0.0,0.0,0.0,0.0,0.0,0.0,0.0,0.0,0.0,0.0,0.0
0.0,-125447282.586,0.0,-2378101987.39,-3037896926.05,-933337885.961,0.0,-138875665.07,0.0,1351983196.62,0.0,382121059.303,2747618607.98,6834236280.29
0.0,-673906068.416,0.0,-12775225796.7,-16319661386.7,-5013915425.4,0.0,-746043688.765,0.0,7262888934.81,0.0,2052764280.14,14760278703.8,36713695245.8
0.0,-153408223.01,0.0,-2908157056.11,-3715013665.55,-1141369534.69,0.0,-169829657.196,0.0,1653326683.98,0.0,467292008.834,3360035223.33,8357518965.56
0.0,-1558052365.56,0.0,-29535972008.4,-37730609977.2,-11592035085.3,0.0,-1724832567.28,0.0,16791600218.5,0.0,4745934771.2,34125359940.6,84881057475.3
0.0,0.0,0.0,0.0,0.0,0.0,0.0,0.0,0.0,0.0,0.0,0.0,0.0,0.0
0.0,-636247369.079,0.0,-12061330478.3,-15407698651.5,-4733731669.3,0.0,-704353850.545,0.0,6857029775.01,0.0,1938053289.31,13935456189.4,34662088834.2
0.0,-60867120.4418,0.0,-1153856959.71,-1473989984.28,-452856278.323,0.0,-67382582.2129,0.0,655983313.208,0.0,185405439.324,1333146715.43,3315976832.85
0.0,-1100724409.71,0.0,-20866413782.3,-26655717300.3,-8189478260.59,0.0,-1218550384.72,0.0,11862838918.2,0.0,3352882332.48,24108699750.5,59966310472.4
0.0,-2501891865.54,0.0,-47428321244.0,-60587120350.2,-18614276982.0,0.0,-2769704449.53,0.0,26963643151.4,0.0,7620934867.73,54797876073.6,136300442739.0
0.0,0.0,0.0,0.0,0.0,0.0,0.0,0.0,0.0,0.0,0.0,0.0,0.0,0.0
0.0,-2160447718.56,0.0,-40955570397.7,-52318530523.7,-16073905028.5,0.0,-2391710745.57,0.0,23283796607.2,0.0,6580872488.94,47319369783.8,117698924006.0
0.0,0.0,0.0,0.0,0.0,0.0,0.0,0.0,0.0,0.0,0.0,0.0,0.0,0.0
0.0,-3965079844.9,0.0,-75165950708.0,-96020444796.0,-29500513393.5,0.0,-4389517964.56,0.0,42732861270.8,0.0,12077906187.5,86845461610.5,216013388028.0
0.0,0.0,0.0,0.0,0.0,0.0,0.0,0.0,0.0,0.0,0.0,0.0,0.0,0.0
0.0,53747416768.3,0.0,-4998776422.95,8910198987.62,0.0,0.0,0.0,35549102603.2,-18089645560.2,0.0,-12851790878.4,0.0,47291050303.4
0.0,0.0,0.0,0.0,0.0,0.0,0.0,0.0,0.0,0.0,0.0,0.0,0.0,0.0
0.0,41039778910.6,0.0,-3816903054.26,6803538076.59,0.0,0.0,0.0,27144138249.4,-13812664849.8,0.0,-9813209414.86,0.0,36109907519.3
0.0,57101692969.9,0.0,-5310740751.67,9466267915.44,0.0,0.0,0.0,37767655903.4,-19218586656.3,0.0,-13653847216.8,0.0,50242396695.8
0.0,99022568512.4,0.0,-9209590164.19,16415873408.6,0.0,0.0,0.0,65494560664.2,-33327800191.3,0.0,-23677739680.9,0.0,87127559802.1
0.0,0.0,0.0,0.0,0.0,0.0,0.0,0.0,0.0,0.0,0.0,0.0,0.0,0.0
0.0,6291244108.26,0.0,-585116915.571,1042956857.37,0.0,0.0,0.0,4161094537.25,-2117429690.47,0.0,-1504328179.95,0.0,5535513322.94
0.0,0.0,0.0,0.0,0.0,0.0,0.0,0.0,0.0,0.0,0.0,0.0,0.0,0.0
0.0,54094376661.8,0.0,-5031045414.45,8967717690.41,0.0,0.0,0.0,35778585499.1,-18206421060.8,0.0,-12934754046.9,0.0,47596331910.6
0.0,0.0,0.0,0.0,0.0,0.0,0.0,0.0,0.0,0.0,0.0,0.0,0.0,0.0
0.0,192481625599.0,0.0,-17901746162.8,31909432837.2,0.0,0.0,0.0,127309356785.0,-64783102022.4,0.0,-46025162675.1,0.0,169359920643.0
0.0,38197739794.5,0.0,-3552579315.91,6332387357.57,0.0,0.0,0.0,25264383905.5,-12856126222.1,0.0,-9133636430.98,0.0,33609266132.4
0.0,134912552191.0,0.0,-12547536711.6,22365683008.2,0.0,0.0,0.0,89232570580.6,-45407210197.4,0.0,-32259557982.2,0.0,118706287220.0
0.0,0.0,0.0,0.0,0.0,0.0,0.0,0.0,0.0,0.0,0.0,0.0,0.0,0.0
-13952599565.0,20708169718.2,0.0,36629799085.3,0.0,0.0,7161750052.97,20259803043.7,-5456940156.81,839166402.799,0.0,0.0,13244819595.9,0.0
0.0,0.0,0.0,0.0,0.0,0.0,0.0,0.0,0.0,0.0,0.0,0.0,0.0,0.0
-14148763915.5,20999312930.9,0.0,37144789909.1,0.0,0.0,7262439536.72,20544642516.5,-5533661137.46,850964529.13,0.0,0.0,13431033026.7,0.0
-29089791631.8,43174487977.8,0.0,76369512214.5,0.0,0.0,14931541308.1,42239687758.2,-11377181103.0,1749579043.54,0.0,0.0,27614140322.1,0.0
0.0,0.0,0.0,0.0,0.0,0.0,0.0,0.0,0.0,0.0,0.0,0.0,0.0,0.0
0.0,0.0,0.0,0.0,0.0,0.0,0.0,0.0,0.0,0.0,0.0,0.0,0.0,0.0
0.0,0.0,0.0,0.0,0.0,0.0,0.0,0.0,0.0,0.0,0.0,0.0,0.0,0.0
-137523026771.0,204108930759.0,0.0,361039590990.0,0.0,0.0,70589393730.5,199689629402.0,-53786029174.9,8271197287.59,0.0,0.0,130546832608.0,0.0
-20722144642.3,30755393371.6,0.0,54401904915.8,0.0,0.0,10636499657.2,30089487420.6,-8104547307.25,1246314530.62,0.0,0.0,19670962830.2,0.0
0.0,0.0,0.0,0.0,0.0,0.0,0.0,0.0,0.0,0.0,0.0,0.0,0.0,0.0
-123424326462.0,183183921235.0,0.0,324026233211.0,0.0,0.0,63352651415.2,179217681499.0,-48271948195.7,7423243788.55,0.0,0.0,117163323589.0,0.0
0.0,0.0,0.0,0.0,0.0,0.0,0.0,0.0,0.0,0.0,0.0,0.0,0.0,0.0
-16249368279.6,24116987990.6,0.0,42659512485.1,0.0,0.0,8340661795.3,23594814671.9,-6355219317.69,977303466.883,0.0,0.0,15425079062.0,0.0
-153168671617.0,-7446047886.72,0.0,128672325510.0,0.0,0.0,0.0,135276492797.0,-41764792110.4,136998244637.0,0.0,146311496207.0,-77232823709.5,126325606027.0
-114969864171.0,-5589074483.09,0.0,96582673403.3,0.0,0.0,0.0,101539824288.0,-31349050855.9,102832187622.0,0.0,109822802979.0,-57971693282.0,94821203401.9
0.0,0.0,0.0,0.0,0.0,0.0,0.0,0.0,0.0,0.0,0.0,0.0,0.0,0.0
-12364917899.0,-601100537.202,0.0,10387390084.5,0.0,0.0,0.0,10920527738.8,-3371565608.45,11059520392.6,0.0,11811355541.4,-6234809730.98,10197945379.9
0.0,0.0,0.0,0.0,0.0,0.0,0.0,0.0,0.0,0.0,0.0,0.0,0.0,0.0
0.0,0.0,0.0,0.0,0.0,0.0,0.0,0.0,0.0,0.0,0.0,0.0,0.0,0.0
-33479428715.9,-1627548419.7,0.0,28125046095.5,0.0,0.0,0.0,29568577240.5,-9128899307.75,29944915739.7,0.0,31980595351.8,-16881460083.3,27612102901.5
-45087741179.1,-2191867804.16,0.0,37876835048.9,0.0,0.0,0.0,39820881322.8,-12294159877.4,40327707559.1,0.0,43069217763.9,-22734763768.5,37186039212.2
-58646477049.0,-2851003876.21,0.0,49267115169.2,0.0,0.0,0.0,51795772897.5,-15991246095.6,52455011361.2,0.0,56020945495.6,-29571536889.9,48368583969.2
-13619824263.2,-662105785.742,0.0,11441598614.6,0.0,0.0,0.0,12028844014.8,-3713743306.16,12181942930.1,0.0,13010081271.7,-6867575955.09,11232927307.3
0.0,0.0,0.0,0.0,0.0,0.0,0.0,0.0,0.0,0.0,0.0,0.0,0.0,0.0
0.0,0.0,0.0,0.0,0.0,0.0,0.0,0.0,0.0,0.0,0.0,0.0,0.0,0.0
-72552580565.5,-3527026666.04,0.0,60949208245.8,0.0,0.0,0.0,64077454865.0,-19783049708.5,64893010277.0,0.0,69304489646.1,-36583464525.3,59837619612.4
0.0,0.0,0.0,0.0,0.0,0.0,0.0,0.0,0.0,0.0,0.0,0.0,0.0,0.0
17846929322.9,0.0,0.0,0.0,2357852981.06,20127848658.1,0.0,0.0,46541367454.6,36857107890.4,28758642491.2,23478040034.9,-29499033817.5,-37769170642.2
37675989725.2,0.0,0.0,0.0,4977575866.46,42491153828.9,0.0,0.0,98251752460.9,77807671732.2,60711302174.7,49563618431.1,-62274314808.3,-79733093536.8
0.0,0.0,0.0,0.0,0.0,0.0,0.0,0.0,0.0,0.0,0.0,0.0,0.0,0.0
5592201448.51,0.0,0.0,0.0,738815547.343,6306910414.94,0.0,0.0,14583388424.2,11548898323.3,9011304930.23,7356667755.91,-9243300999.28,-11834686345.9
0.0,0.0,0.0,0.0,0.0,0.0,0.0,0.0,0.0,0.0,0.0,0.0,0.0,0.0
0.0,0.0,0.0,0.0,0.0,0.0,0.0,0.0,0.0,0.0,0.0,0.0,0.0,0.0
0.0,0.0,0.0,0.0,0.0,0.0,0.0,0.0,0.0,0.0,0.0,0.0,0.0,0.0
49613370433.7,0.0,0.0,0.0,6554686874.2,55954186484.4,0.0,0.0,129382150971.0,102460502521.0,79947264724.0,65267513320.5,-82005507263.9,-104995981109.0
6048628066.92,0.0,0.0,0.0,799116501.269,6821670446.34,0.0,0.0,15773661472.3,12491501099.0,9746793355.42,7957107317.59,-9997724575.91,-12800614687.1
1099003963.63,0.0,0.0,0.0,145195272.809,1239461705.39,0.0,0.0,2865991475.62,2269640167.6,1770941180.67,1445764623.7,-1816534066.01,-2325804483.66
0.0,0.0,0.0,0.0,0.0,0.0,0.0,0.0,0.0,0.0,0.0,0.0,0.0,0.0
23595413108.2,0.0,0.0,0.0,3117315821.11,26611015008.5,0.0,0.0,61532310228.0,48728757250.9,38021781659.8,31040300747.2,-39000652528.3,-49934594794.1
2330289589.71,0.0,0.0,0.0,307866981.285,2628111275.76,0.0,0.0,6076948146.56,4812465678.0,3755041777.73,3065548772.59,-3851715338.14,-4931554530.6
1381074916.28,0.0,0.0,0.0,182461170.182,1557582618.13,0.0,0.0,3601578400.29,2852167242.51,2225471903.45,1816835355.2,-2282766683.43,-2922746722.35
25549524661.9,8767210678.3,-11043237768.7,0.0,-4629300767.92,43101002161.8,0.0,0.0,-7529223124.01,0.0,0.0,0.0,24132499260.2,0.0
0.0,0.0,0.0,0.0,0.0,0.0,0.0,0.0,0.0,0.0,0.0,0.0,0.0,0.0
0.0,0.0,0.0,0.0,0.0,0.0,0.0,0.0,0.0,0.0,0.0,0.0,0.0,0.0
0.0,0.0,0.0,0.0,0.0,0.0,0.0,0.0,0.0,0.0,0.0,0.0,0.0,0.0
19866894189.5,6817240210.47,-8587041800.74,0.0,-3599668868.4,33514637189.7,0.0,0.0,-5854601254.39,0.0,0.0,0.0,18765038319.8,0.0
81593104680.3,27998326704.6,-35266881368.4,0.0,-14783798413.2,137644227349.0,0.0,0.0,-24044779644.6,0.0,0.0,0.0,77067795365.9,0.0
0.0,0.0,0.0,0.0,0.0,0.0,0.0,0.0,0.0,0.0,0.0,0.0,0.0,0.0
0.0,0.0,0.0,0.0,0.0,0.0,0.0,0.0,0.0,0.0,0.0,0.0,0.0,0.0
9156166797.64,3141899678.49,-3957558049.88,0.0,-1658999552.77,15446078553.8,0.0,0.0,-2698242871.15,0.0,0.0,0.0,8648348311.56,0.0
33633768538.2,11541284567.2,-14537479970.4,0.0,-6094079345.21,56738790629.6,0.0,0.0,-9911579615.55,0.0,0.0,0.0,31768375541.5,0.0
168678441146.0,57881289377.6,-72907662928.2,0.0,-30562730518.9,284553624879.0,0.0,0.0,-49708072318.6,0.0,0.0,0.0,159323212860.0,0.0
17114287621.9,5872694978.71,-7397286249.01,0.0,-3100925981.16,28871102595.9,0.0,0.0,-5043431994.1,0.0,0.0,0.0,16165096566.0,0.0
49711249949.1,17058203906.1,-21486628821.2,0.0,-9007147123.45,83860843592.3,0.0,0.0,-14649473819.7,0.0,0.0,0.0,46954169147.9,0.0
13196760370.1,4528412170.74,-5704018547.18,0.0,-2391111917.88,22262394497.2,0.0,0.0,-3888970720.8,0.0,0.0,0.0,12464842852.6,0.0
0.0,0.0,0.0,13596174770.1,0.0,-14188621498.4,0.0,0.0,0.0,-3218218521.7,0.0,0.0,0.0,27040748820.6
0.0,0.0,0.0,44650686686.1,0.0,-46596318725.3,0.0,0.0,0.0,-10568830522.5,0.0,0.0,0.0,88803507145.3
0.0,0.0,0.0,76340505120.0,0.0,-79667005643.8,0.0,0.0,0.0,-18069819760.8,0.0,0.0,0.0,151829794681.0
0.0,0.0,0.0,0.0,0.0,0.0,0.0,0.0,0.0,0.0,0.0,0.0,0.0,0.0
0.0,0.0,0.0,42741802970.1,0.0,-44604256326.2,0.0,0.0,0.0,-10116997191.8,0.0,0.0,0.0,85007024239.9
0.0,0.0,0.0,70384541917.8,0.0,-73451514230.7,0.0,0.0,0.0,-16660041539.0,0.0,0.0,0.0,139984278743.0
0.0,0.0,0.0,0.0,0.0,0.0,0.0,0.0,0.0,0.0,0.0,0.0,0.0,0.0
0.0,0.0,0.0,0.0,0.0,0.0,0.0,0.0,0.0,0.0,0.0,0.0,0.0,0.0
0.0,0.0,0.0,40880812785.5,0.0,-42662174396.0,0.0,0.0,0.0,-9676500274.01,0.0,0.0,0.0,81305794372.8
0.0,0.0,0.0,0.0,0.0,0.0,0.0,0.0,0.0,0.0,0.0,0.0,0.0,0.0
0.0,0.0,0.0,0.0,0.0,0.0,0.0,0.0,0.0,0.0,0.0,0.0,0.0,0.0
0.0,0.0,0.0,0.0,0.0,0.0,0.0,0.0,0.0,0.0,0.0,0.0,0.0,0.0
0.0,0.0,0.0,46945432296.1,0.0,-48991056763.5,0.0,0.0,0.0,-11111997475.7,0.0,0.0,0.0,93367411382.8
0.0,0.0,0.0,0.0,0.0,0.0,0.0,0.0,0.0,0.0,0.0,0.0,0.0,0.0
0.0,0.0,0.0,0.0,0.0,0.0,0.0,0.0,0.0,0.0,0.0,0.0,0.0,0.0
0.0,0.0,0.0,0.0,0.0,0.0,0.0,0.0,0.0,0.0,0.0,0.0,0.0,0.0
0.0,0.0,0.0,0.0,0.0,0.0,0.0,0.0,0.0,0.0,0.0,0.0,0.0,0.0
0.0,0.0,0.0,0.0,7936547981.9,0.0,94018744478.9,0.0,0.0,0.0,0.0,22733273623.1,274122078826.0,0.0
0.0,0.0,0.0,0.0,0.0,0.0,0.0,0.0,0.0,0.0,0.0,0.0,0.0,0.0
0.0,0.0,0.0,0.0,3289292459.73,0.0,38965951946.9,0.0,0.0,0.0,0.0,9421777035.03,113609555311.0,0.0
0.0,0.0,0.0,0.0,0.0,0.0,0.0,0.0,0.0,0.0,0.0,0.0,0.0,0.0
0.0,0.0,0.0,0.0,0.0,0.0,0.0,0.0,0.0,0.0,0.0,0.0,0.0,0.0
0.0,0.0,0.0,0.0,0.0,0.0,0.0,0.0,0.0,0.0,0.0,0.0,0.0,0.0
0.0,0.0,0.0,0.0,3154399233.48,0.0,37367966046.9,0.0,0.0,0.0,0.0,9035391842.24,108950450158.0,0.0
0.0,0.0,0.0,0.0,0.0,0.0,0.0,0.0,0.0,0.0,0.0,0.0,0.0,0.0
0.0,0.0,0.0,0.0,0.0,0.0,0.0,0.0,0.0,0.0,0.0,0.0,0.0,0.0
0.0,0.0,0.0,0.0,0.0,0.0,0.0,0.0,0.0,0.0,0.0,0.0,0.0,0.0
0.0,0.0,0.0,0.0,5610343416.8,0.0,66461822614.3,0.0,0.0,0.0,0.0,16070144388.3,193776816299.0,0.0
0.0,0.0,0.0,0.0,0.0,0.0,0.0,0.0,0.0,0.0,0.0,0.0,0.0,0.0
0.0,0.0,0.0,0.0,0.0,0.0,0.0,0.0,0.0,0.0,0.0,0.0,0.0,0.0
0.0,0.0,0.0,0.0,0.0,0.0,0.0,0.0,0.0,0.0,0.0,0.0,0.0,0.0
0.0,0.0,0.0,0.0,0.0,0.0,0.0,0.0,0.0,0.0,0.0,0.0,0.0,0.0
2405479764.71,4031397048.24,0.0,0.0,-23332133880.8,69349604159.2,0.0,0.0,0.0,11135178072.8,59844009660.1,-72308428009.1,0.0,93540955165.7
0.0,0.0,0.0,0.0,0.0,0.0,0.0,0.0,0.0,0.0,0.0,0.0,0.0,0.0
857891580.723,1437759584.17,0.0,0.0,-8321184617.84,24732879655.7,0.0,0.0,0.0,3971255821.25,21342799385.5,-25788116164.8,0.0,33360495925.5
0.0,0.0,0.0,0.0,0.0,0.0,0.0,0.0,0.0,0.0,0.0,0.0,0.0,0.0
0.0,0.0,0.0,0.0,0.0,0.0,0.0,0.0,0.0,0.0,0.0,0.0,0.0,0.0
0.0,0.0,0.0,0.0,0.0,0.0,0.0,0.0,0.0,0.0,0.0,0.0,0.0,0.0
0.0,0.0,0.0,0.0,0.0,0.0,0.0,0.0,0.0,0.0,0.0,0.0,0.0,0.0
2820116925.38,4726296689.54,0.0,0.0,-27353938548.1,81303528438.6,0.0,0.0,0.0,13054570074.1,70159436384.1,-84772370430.4,0.0,109664789016.0
2235579111.8,3746656764.54,0.0,0.0,-21684169579.3,64451394995.9,0.0,0.0,0.0,10348692959.7,55617187026.5,-67201235128.2,0.0,86934094617.7
0.0,0.0,0.0,0.0,0.0,0.0,0.0,0.0,0.0,0.0,0.0,0.0,0.0,0.0
22341077753.3,5107309043.1,21464571606.4,49232383297.4,25682308630.4,-25612844478.0,0.0,0.0,8021939023.53,26441132661.6,47474502988.2,-18953286261.8,0.0,-1172503942.4
7166111007.88,1638217455.69,6884963409.87,15791750415.4,8237842266.0,-8215560985.18,0.0,0.0,2573112460.19,8481242217.57,15227893757.6,-6079444994.37,0.0,-376091677.455
0.0,0.0,0.0,0.0,0.0,0.0,0.0,0.0,0.0,0.0,0.0,0.0,0.0,0.0
0.0,0.0,0.0,0.0,0.0,0.0,0.0,0.0,0.0,0.0,0.0,0.0,0.0,0.0
24607221331.3,5625363530.74,23641807711.1,54226217993.8,28287366426.4,-28210856251.1,0.0,0.0,8835635918.65,29123160970.1,52290028955.9,-20875792795.2,0.0,-1291435638.91
16317373426.3,3730252845.47,15677194905.6,35958121260.0,18757726238.7,-18706991331.1,0.0,0.0,5859026860.56,19311952638.1,34674208739.8,-13843013887.0,0.0,-856368026.789
0.0,0.0,0.0,0.0,0.0,0.0,0.0,0.0,0.0,0.0,0.0,0.0,0.0,0.0
0.0,0.0,0.0,0.0,0.0,0.0,0.0,0.0,0.0,0.0,0.0,0.0,0.0,0.0
0.0,0.0,0.0,0.0,0.0,0.0,0.0,0.0,0.0,0.0,0.0,0.0,0.0,0.0
23077188550.1,5275588540.21,22171802613.1,50854529252.0,26528508839.7,-26456755929.6,0.0,0.0,8286251962.77,27312335181.3,49038728967.4,-19577773531.7,0.0,-1211136492.75
45995653779.2,10514891944.1,44191109087.6,101359284538.0,52874556413.9,-52731544105.4,0.0,0.0,16515511652.5,54436817993.4,97740172918.3,-39020892479.0,0.0,-2413942871.73
3070227434.62,701873048.129,2949773388.11,6765770905.97,3529396809.41,-3519850683.27,0.0,0.0,1102416702.58,3633678365.76,6524193824.89,-2604659457.33,0.0,-161131607.476
0.0,0.0,0.0,0.0,0.0,0.0,0.0,0.0,0.0,0.0,0.0,0.0,0.0,0.0
18831985552.0,4305108785.33,18093151406.4,41499498868.7,21648412418.2,-21589858935.3,0.0,0.0,6761940558.94,22288048668.1,40017727176.7,-15976311303.6,0.0,-988339844.063
0.0,0.0,-7055994958.65,0.0,29249801185.1,0.0,0.0,0.0,0.0,0.0,4928472064.81,23026952518.1,0.0,0.0
0.0,0.0,-13688486160.5,0.0,56744017118.1,0.0,0.0,0.0,0.0,0.0,9561135183.16,44671817753.3,0.0,0.0
0.0,0.0,-24355515041.5,0.0,100962936751.0,0.0,0.0,0.0,0.0,0.0,17011842583.4,79483232584.5,0.0,0.0
0.0,0.0,-15281764173.3,0.0,63348764624.4,0.0,0.0,0.0,0.0,0.0,10674008169.0,49871415735.5,0.0,0.0
0.0,0.0,-3974836579.71,0.0,16477219780.0,0.0,0.0,0.0,0.0,0.0,2776344251.96,12971717486.3,0.0,0.0
0.0,0.0,-20277186296.0,0.0,84056702311.7,0.0,0.0,0.0,0.0,0.0,14163211113.2,66173772625.3,0.0,0.0
0.0,0.0,0.0,0.0,0.0,0.0,0.0,0.0,0.0,0.0,0.0,0.0,0.0,0.0
0.0,0.0,0.0,0.0,0.0,0.0,0.0,0.0,0.0,0.0,0.0,0.0,0.0,0.0
0.0,0.0,-16810535897.3,0.0,69686108861.0,0.0,0.0,0.0,0.0,0.0,11741824795.8,54860500068.2,0.0,0.0
0.0,0.0,-2304039028.92,0.0,9551124102.79,0.0,0.0,0.0,0.0,0.0,1609325411.49,7519137645.32,0.0,0.0
0.0,0.0,-10857034833.2,0.0,45006567067.0,0.0,0.0,0.0,0.0,0.0,7583422776.75,35431491526.9,0.0,0.0
0.0,0.0,-2019121581.62,0.0,8370032175.07,0.0,0.0,0.0,0.0,0.0,1410316244.38,6589321146.16,0.0,0.0
0.0,0.0,0.0,0.0,0.0,0.0,0.0,0.0,0.0,0.0,0.0,0.0,0.0,0.0
0.0,0.0,-13467586991.5,0.0,55828305469.9,0.0,0.0,0.0,0.0,0.0,9406841509.54,43950922301.4,0.0,0.0
0.0,0.0,0.0,0.0,0.0,0.0,0.0,0.0,0.0,0.0,0.0,0.0,0.0,0.0
0.0,0.0,0.0,0.0,0.0,0.0,0.0,0.0,0.0,0.0,0.0,0.0,0.0,0.0
-80616316590.8,0.0,-4478251536.46,60857764154.1,0.0,157056197923.0,36417014497.9,0.0,0.0,-11755108357.2,49246932645.8,-67626549846.3,0.0,-30508850990.2
0.0,0.0,0.0,0.0,0.0,0.0,0.0,0.0,0.0,0.0,0.0,0.0,0.0,0.0
-145099599398.0,0.0,-8060310014.42,109536599691.0,0.0,282682121503.0,65546212458.8,0.0,0.0,-21157770357.6,88638510175.9,-121719593580.0,0.0,-54912234197.5
0.0,0.0,0.0,0.0,0.0,0.0,0.0,0.0,0.0,0.0,0.0,0.0,0.0,0.0
0.0,0.0,0.0,0.0,0.0,0.0,0.0,0.0,0.0,0.0,0.0,0.0,0.0,0.0
0.0,0.0,0.0,0.0,0.0,0.0,0.0,0.0,0.0,0.0,0.0,0.0,0.0,0.0
0.0,0.0,0.0,0.0,0.0,0.0,0.0,0.0,0.0,0.0,0.0,0.0,0.0,0.0
0.0,0.0,0.0,0.0,0.0,0.0,0.0,0.0,0.0,0.0,0.0,0.0,0.0,0.0
-19162945805.3,0.0,-1064505240.68,14466228248.0,0.0,37333129774.0,8656526429.44,0.0,0.0,-2794254487.3,11706269168.3,-16075206168.0,0.0,-7252123178.42
-143606879449.0,0.0,-7977389140.76,108409736019.0,0.0,279774013944.0,64871902265.7,0.0,0.0,-20940108654.8,87726636725.5,-120467396701.0,0.0,-54347321628.8
0.0,0.0,0.0,0.0,0.0,0.0,0.0,0.0,0.0,0.0,0.0,0.0,0.0,0.0
0.0,0.0,0.0,0.0,0.0,0.0,0.0,0.0,0.0,0.0,0.0,0.0,0.0,0.0
-7805097276.98,0.0,0.0,76694058871.3,38790149788.0,-43077625083.1,0.0,0.0,0.0,0.0,79641522095.2,0.0,0.0,0.0
0.0,0.0,0.0,0.0,0.0,0.0,0.0,0.0,0.0,0.0,0.0,0.0,0.0,0.0
-32258402763.1,0.0,0.0,316975913664.0,160319369599.0,-178039469682.0,0.0,0.0,0.0,0.0,329157754893.0,0.0,0.0,0.0
-2704430249.25,0.0,0.0,26574138077.8,13440608199.6,-14926198637.4,0.0,0.0,0.0,0.0,27595420506.3,0.0,0.0,0.0
0.0,0.0,0.0,0.0,0.0,0.0,0.0,0.0,0.0,0.0,0.0,0.0,0.0,0.0
-19461584840.2,0.0,0.0,191232457521.0,96721125217.8,-107411711286.0,0.0,0.0,0.0,0.0,198581796493.0,0.0,0.0,0.0
-10598562494.0,0.0,0.0,104143067923.0,52673248274.8,-58495222459.7,0.0,0.0,0.0,0.0,108145436128.0,0.0,0.0,0.0
0.0,0.0,0.0,0.0,0.0,0.0,0.0,0.0,0.0,0.0,0.0,0.0,0.0,0.0
0.0,0.0,0.0,0.0,0.0,0.0,0.0,0.0,0.0,0.0,0.0,0.0,0.0,0.0
-9035761283.9,0.0,0.0,88786748359.8,44906363266.6,-49869863643.7,0.0,0.0,0.0,0.0,92198951070.3,0.0,0.0,0.0
-13753191933.4,0.0,0.0,135140930905.0,68351278174.9,-75906145020.5,0.0,0.0,0.0,0.0,140334591662.0,0.0,0.0,0.0
-9190009725.25,0.0,0.0,90302416726.5,45672954627.6,-50721186348.6,0.0,0.0,0.0,0.0,93772868756.9,0.0,0.0,0.0
0.0,0.0,0.0,0.0,0.0,0.0,0.0,0.0,0.0,0.0,0.0,0.0,0.0,0.0
-8026450032.08,0.0,0.0,78869104310.0,39890239411.6,-44299307614.0,0.0,0.0,0.0,0.0,81900157665.1,0.0,0.0,0.0
-18438006847.5,-89155839605.5,0.0,0.0,0.0,53173736460.6,50423039537.9,0.0,0.0,293520103389.0,0.0,95407742948.0,48206204363.4,0.0
0.0,0.0,0.0,0.0,0.0,0.0,0.0,0.0,0.0,0.0,0.0,0.0,0.0,0.0
0.0,0.0,0.0,0.0,0.0,0.0,0.0,0.0,0.0,0.0,0.0,0.0,0.0,0.0
-12538575343.5,-60629504124.6,0.0,0.0,0.0,36160248036.7,34289665120.8,0.0,0.0,199605302332.0,0.0,64881046156.7,32782129350.3,0.0
-3560468039.07,-17216422579.6,0.0,0.0,0.0,10268104939.6,9736932098.62,0.0,0.0,56680147457.8,0.0,18423695264.7,9308850535.78,0.0
-9290696255.31,-44924586047.4,0.0,0.0,0.0,26793624620.2,25407580574.8,0.0,0.0,147901351159.0,0.0,48074847106.1,24290543227.7,0.0
0.0,0.0,0.0,0.0,0.0,0.0,0.0,0.0,0.0,0.0,0.0,0.0,0.0,0.0
0.0,0.0,0.0,0.0,0.0,0.0,0.0,0.0,0.0,0.0,0.0,0.0,0.0,0.0
0.0,0.0,0.0,0.0,0.0,0.0,0.0,0.0,0.0,0.0,0.0,0.0,0.0,0.0
0.0,0.0,0.0,0.0,0.0,0.0,0.0,0.0,0.0,0.0,0.0,0.0,0.0,0.0
-7340006969.91,-35492148881.7,0.0,0.0,0.0,21167992802.3,20072964757.7,0.0,0.0,116847749462.0,0.0,37980976144.2,19190462339.4,0.0
0.0,0.0,0.0,0.0,0.0,0.0,0.0,0.0,0.0,0.0,0.0,0.0,0.0,0.0
0.0,0.0,0.0,0.0,0.0,0.0,0.0,0.0,0.0,0.0,0.0,0.0,0.0,0.0
0.0,0.0,0.0,0.0,0.0,0.0,0.0,0.0,0.0,0.0,0.0,0.0,0.0,0.0
40266342003.2,0.0,0.0,0.0,0.0,157244294977.0,78596506626.4,0.0,0.0,27147077905.3,65367970232.8,0.0,81459063264.5,-37888024021.0
21223541617.4,0.0,0.0,0.0,0.0,82880159272.2,41426564877.2,0.0,0.0,14308653556.6,34454081688.6,0.0,42935358249.5,-19969980251.6
0.0,0.0,0.0,0.0,0.0,0.0,0.0,0.0,0.0,0.0,0.0,0.0,0.0,0.0
0.0,0.0,0.0,0.0,0.0,0.0,0.0,0.0,0.0,0.0,0.0,0.0,0.0,0.0
0.0,0.0,0.0,0.0,0.0,0.0,0.0,0.0,0.0,0.0,0.0,0.0,0.0,0.0
33789575347.1,0.0,0.0,0.0,0.0,131951840885.0,65954403865.7,0.0,0.0,22780520621.0,54853653090.6,0.0,68356523561.6,-31793805414.7
3209849697.89,0.0,0.0,0.0,0.0,12534800223.1,6265356138.62,0.0,0.0,2164041615.85,5210837366.02,0.0,6493546138.08,-3020261002.3
0.0,0.0,0.0,0.0,0.0,0.0,0.0,0.0,0.0,0.0,0.0,0.0,0.0,0.0
0.0,0.0,0.0,0.0,0.0,0.0,0.0,0.0,0.0,0.0,0.0,0.0,0.0,0.0
24371515626.0,0.0,0.0,0.0,0.0,95173328429.6,47571144884.2,0.0,0.0,16430979335.5,39564470689.7,0.0,49303729478.8,-22932020231.5
0.0,0.0,0.0,0.0,0.0,0.0,0.0,0.0,0.0,0.0,0.0,0.0,0.0,0.0
4470904923.36,0.0,0.0,0.0,0.0,17459353336.0,8726829678.42,0.0,0.0,3014229707.09,7258021598.31,0.0,9044668794.91,-4206832423.92
17308532013.4,0.0,0.0,0.0,0.0,67591635548.2,33784796020.9,0.0,0.0,11669201710.9,28098494900.2,0.0,35015269184.0,-16286209376.6
0.0,0.0,0.0,0.0,0.0,0.0,0.0,0.0,0.0,0.0,0.0,0.0,0.0,0.0
262116744.021,0.0,1804516767.63,0.0,0.0,1380107828.67,-1413922917.76,2000747974.42,0.0,0.0,0.0,1673057814.41,0.0,0.0
0.0,0.0,0.0,0.0,0.0,0.0,0.0,0.0,0.0,0.0,0.0,0.0,0.0,0.0
0.0,0.0,0.0,0.0,0.0,0.0,0.0,0.0,0.0,0.0,0.0,0.0,0.0,0.0
0.0,0.0,0.0,0.0,0.0,0.0,0.0,0.0,0.0,0.0,0.0,0.0,0.0,0.0
0.0,0.0,0.0,0.0,0.0,0.0,0.0,0.0,0.0,0.0,0.0,0.0,0.0,0.0
9770368948.22,0.0,67263137495.6,0.0,0.0,51443347218.6,-52703800447.8,74577631259.2,0.0,0.0,0.0,62363021407.0,0.0,0.0
2806053917.33,0.0,19318000319.3,0.0,0.0,14774550147.3,-15136552825.0,21418725889.4,0.0,0.0,0.0,17910684994.9,0.0,0.0
0.0,0.0,0.0,0.0,0.0,0.0,0.0,0.0,0.0,0.0,0.0,0.0,0.0,0.0
0.0,0.0,0.0,0.0,0.0,0.0,0.0,0.0,0.0,0.0,0.0,0.0,0.0,0.0
6441601556.9,0.0,44346568027.2,0.0,0.0,33916584654.3,-34747601121.1,49169011751.3,0.0,0.0,0.0,41115922839.5,0.0,0.0
6211013101.81,0.0,42759104642.6,0.0,0.0,32702480865.3,-33503749636.4,47408920513.4,0.0,0.0,0.0,39644106080.3,0.0,0.0
0.0,0.0,0.0,0.0,0.0,0.0,0.0,0.0,0.0,0.0,0.0,0.0,0.0,0.0
2713514845.74,0.0,18680924244.8,0.0,0.0,14287309633.0,-14637374054.1,20712371319.3,0.0,0.0,0.0,17320019879.5,0.0,0.0
7811983997.76,0.0,53780830236.7,0.0,0.0,41131978474.2,-42139784884.4,59629197738.1,0.0,0.0,0.0,49862899534.9,0.0,0.0
0.0,0.0,49580211421.1,-49580211421.1
0.0,0.0,0.0,0.0
0.0,0.0,43390873676.4,-43390873676.4
0.0,0.0,0.0,0.0
0.0,0.0,0.0,0.0
0.0,0.0,34536762632.2,-34536762632.2
0.0,0.0,107277401790.0,-107277401790.0
0.0,0.0,127489004397.0,-127489004397.0
0.0,0.0,0.0,0.0
0.0,0.0,0.0,0.0
0.0,0.0,0.0,0.0
0.0,0.0,189226458948.0,-189226458948.0
0.0,0.0,0.0,0.0
0.0,0.0,0.0,0.0
