weights btw layer0 to layer1,0.2184569537639618,0.14725448191165924,1.3013474941253662,-0.015451704151928425,0.2731696367263794,1.6171114444732666,-0.02556566335260868,-0.10381333529949188,-0.9288207292556763,0.024882832542061806,0.8294407725334167,1.3160886764526367,0.5348418354988098,0.21540357172489166,-1.127340316772461,-0.03705485910177231,1.2588833570480347,1.4130957126617432,1.4707341194152832,1.2308838367462158,1.6638116836547852,1.121090054512024,0.693064272403717,0.03436356410384178,0.8360660672187805,0.06112133339047432,0.8577665686607361,-1.6943387985229492
weights btw layer0 to layer1,0.4568142294883728,0.008569510653614998,0.1941923350095749,0.8775261640548706,-0.19633236527442932,0.41864556074142456,-1.435225248336792,1.4938725233078003,-0.7106881141662598,-2.6728005409240723,-1.4209600687026978,-1.7198500633239746,-0.8602415919303894,1.5790141820907593,-1.2164381742477417,0.4735933542251587,-0.4688909649848938,1.3837671279907227,-0.9189748167991638,0.7331660985946655,-0.5722180604934692,-0.8261716961860657,-2.1491401195526123,-0.1891673356294632,-1.5057810544967651,-1.0504299402236938,0.6332859396934509,0.19015604257583618
weights btw layer0 to layer1,-0.5275411009788513,-1.2532227039337158,-1.2488646507263184,1.3375678062438965,0.5567761063575745,-0.87553870677948,-1.3000761270523071,0.882175624370575,-0.5830060839653015,0.6988738179206848,1.0985172986984253,-1.0046939849853516,0.655859112739563,1.2957286834716797,2.075901746749878,0.23985257744789124,-1.9051886796951294,0.2165784239768982,-0.09247291088104248,1.2121760845184326,0.5220840573310852,-0.08886075764894485,-0.15912064909934998,1.6852941513061523,0.7495049238204956,-1.292749047279358,0.5981806516647339,-0.9919210076332092
weights btw layer0 to layer1,-0.3608262538909912,0.02041647396981716,0.8038125038146973,-1.33675217628479,0.24465739727020264,0.1452835202217102,0.6118481159210205,1.454517126083374,-2.261863946914673,-0.14321085810661316,0.31629133224487305,0.6131797432899475,0.3588213622570038,-0.17706069350242615,0.09209535270929337,-0.7836753129959106,-1.8266428709030151,-0.8517448306083679,1.3397769927978516,0.30231449007987976,0.6567997932434082,1.115225911140442,-0.46314364671707153,-0.4590829908847809,-1.4415374994277954,-0.618804931640625,-0.7331271171569824,-0.5721349120140076
weights btw layer0 to layer1,0.47128742933273315,-0.7676328420639038,-0.9143575429916382,-1.3769457340240479,-0.6608369946479797,0.4766160845756531,-1.0467479228973389,-2.377248525619507,0.849515974521637,1.0037857294082642,-0.030643008649349213,-0.9731103181838989,-1.1208486557006836,-1.7366784811019897,0.6444253325462341,-1.1606123447418213,-0.48120546340942383,-0.2646251618862152,0.016087304800748825,0.9289600849151611,-0.25973671674728394,-1.6596392393112183,-1.1681116819381714,-1.5723212957382202,-0.024207448586821556,-0.7159976363182068,-0.8145327568054199,-0.8272221684455872
weights btw layer0 to layer1,0.2939890921115875,0.6099957227706909,0.8185620307922363,-0.8373910188674927,-0.6948716044425964,-0.07111343741416931,-0.948738694190979,-1.3570973873138428,-1.4652230739593506,0.8829662203788757,-1.3502696752548218,0.047570306807756424,-0.19591361284255981,-2.0552968978881836,-0.631810188293457,-1.6893540620803833,-0.877105712890625,1.0234218835830688,-0.18532267212867737,0.9269186854362488,-2.0016684532165527,0.5837917327880859,-0.6960799694061279,1.1838523149490356,-0.9759091734886169,0.5486502647399902,-0.8433851003646851,1.0610774755477905
weights btw layer0 to layer1,0.1410144865512848,-1.3089038133621216,2.322486162185669,-0.546960711479187,-1.3178932666778564,1.024787187576294,0.6849536299705505,-0.9998869299888611,0.11985958367586136,1.3710864782333374,0.12303320318460464,1.344061017036438,0.506495475769043,-0.6802464723587036,1.0948889255523682,0.9734476208686829,0.3911527991294861,-0.5032148957252502,0.6386024951934814,0.024785257875919342,0.9490957856178284,-0.5956006646156311,-0.8240782618522644,1.2030407190322876,-0.7639577984809875,0.21076935529708862,2.0740456581115723,0.4412146210670471
weights btw layer0 to layer1,-0.576055645942688,0.468425452709198,0.8426088690757751,-3.5993995666503906,-0.28263944387435913,1.5111346244812012,1.2226636409759521,0.21344546973705292,1.3261134624481201,1.4030778408050537,0.4635765552520752,0.3989904820919037,0.5745419859886169,0.9143194556236267,-1.6047215461730957,1.202386498451233,0.3008221685886383,0.35425230860710144,-0.4363686442375183,0.885711669921875,-0.27455800771713257,1.1810110807418823,0.21998673677444458,1.7852648496627808,-1.424818515777588,-0.051484279334545135,0.8845587968826294,-1.073211669921875
weights btw layer0 to layer1,0.00880211591720581,-0.5005971193313599,0.5477820634841919,-0.2945786714553833,1.1632590293884277,0.0625738799571991,0.7705179452896118,-2.993802547454834,-0.15412849187850952,0.9822700023651123,0.1323758363723755,1.0431771278381348,1.7542093992233276,-1.026281476020813,0.905789852142334,-0.3406710624694824,1.1642956733703613,-0.1732122153043747,-0.989936351776123,-1.2289760112762451,-1.7025537490844727,1.2530750036239624,0.49343717098236084,-0.3102760910987854,0.048486728221178055,0.6084009408950806,-1.2051408290863037,-0.34327054023742676
weights btw layer0 to layer1,1.7409813404083252,-0.7766731977462769,2.1325936317443848,-2.1930503845214844,1.0784845352172852,-0.5575454235076904,0.0777323916554451,-0.8110609650611877,1.1364142894744873,-0.10608495771884918,-1.1644598245620728,1.1030992269515991,-1.7904984951019287,1.4285237789154053,-0.162868469953537,0.110397107899189,0.6608908772468567,1.0541117191314697,-0.15220537781715393,0.20553594827651978,0.8301637768745422,-0.3541512191295624,-0.1289394199848175,-0.9828494787216187,0.5997264385223389,-0.15561917424201965,-0.597165584564209,0.014816622249782085
weights btw layer0 to layer1,-1.4118289947509766,0.5063891410827637,0.735914409160614,-1.115554928779602,0.23597554862499237,-1.5728451013565063,-1.0290405750274658,0.2045087367296219,-0.4731740355491638,0.6543167233467102,-0.3039732575416565,-1.3276656866073608,-0.19739675521850586,0.49387916922569275,0.21462830901145935,-0.5600972175598145,1.5073606967926025,-1.674721360206604,-1.0551764965057373,-0.9630160331726074,1.326386570930481,1.423626184463501,-0.3315693736076355,-0.37529388070106506,-0.20734147727489471,1.3251206874847412,-1.0993046760559082,-0.07160721719264984
weights btw layer0 to layer1,1.667771816253662,-0.044105127453804016,-1.066497564315796,1.2331387996673584,0.20302583277225494,-1.3550249338150024,-0.16354432702064514,-0.3465285897254944,1.8216769695281982,0.9743046164512634,-0.8732882738113403,1.7397005558013916,1.3714343309402466,-0.5440084934234619,0.348796010017395,-0.25632530450820923,2.1132328510284424,-1.1116716861724854,0.3323213458061218,0.7281134128570557,0.9660211801528931,-0.3807973265647888,-0.3107302784919739,-0.21951305866241455,0.5983952879905701,-2.2054460048675537,0.6629113554954529,-1.8631244897842407
weights btw layer0 to layer1,-0.30717912316322327,-0.6694087982177734,1.6058051586151123,0.2158776819705963,-1.2355140447616577,0.6552983522415161,0.43606385588645935,0.3777201473712921,-0.10456816852092743,2.3382644653320312,-2.276793956756592,-0.5360827445983887,-1.5941017866134644,1.0182600021362305,-0.11854011565446854,-0.25088468194007874,-0.5321252942085266,0.46979066729545593,-1.9045652151107788,-0.8941420316696167,0.19251182675361633,0.5983039140701294,-0.3384411931037903,0.27161282300949097,-0.009781034663319588,1.682183861732483,0.322361558675766,0.7513509392738342
weights btw layer0 to layer1,1.012102723121643,0.6582438945770264,0.3828391134738922,1.5861707925796509,-0.20798538625240326,0.014307032339274883,0.46171998977661133,-0.5564379692077637,1.3791450262069702,-0.7596482038497925,-0.935509204864502,0.2788431942462921,1.621593713760376,-1.1066440343856812,-0.3845304548740387,-0.9844486117362976,-0.6853432059288025,-0.8030515313148499,0.9091335535049438,0.4324769079685211,-2.3278160095214844,-0.91037517786026,-1.4692317247390747,-0.6265763640403748,0.18966111540794373,-0.5204933285713196,0.4467233717441559,0.9389729499816895
weights btw layer1 to layer2,0.22229555249214172,-0.494392067193985,-0.3849194645881653,1.3154734373092651,1.2457963228225708,0.2851119339466095,-0.5232930779457092,0.35499274730682373,0.713302731513977,0.0042473506182432175,-1.433490514755249,-1.4228016138076782,-0.4871008098125458,1.0780185461044312,0.04583607241511345,-1.9969215393066406,-1.2524958848953247,0.14378108084201813,-0.45139753818511963,1.113970160484314,1.684036135673523,0.9601758122444153,1.1453150510787964,-1.2422144412994385,-0.9522449374198914,-0.5747658610343933,-0.5920061469078064,0.1693876087665558
weights btw layer1 to layer2,-0.5459327101707458,1.4654675722122192,-1.5415003299713135,1.2750810384750366,1.1526271104812622,-0.5042963624000549,0.31296274065971375,-0.6849938035011292,1.2880916595458984,0.3512433171272278,0.8236785531044006,-0.5558966398239136,0.06300496309995651,0.5834654569625854,2.013970375061035,-0.6194528341293335,1.534356951713562,-0.40628162026405334,0.1770063191652298,-0.29305416345596313,1.2148113250732422,0.8311803936958313,0.33423328399658203,1.2546979188919067,-0.7643370628356934,0.24591019749641418,0.8819366693496704,-0.5878149271011353
weights btw layer1 to layer2,0.44979748129844666,0.13765820860862732,1.2074187994003296,-1.0644023418426514,0.4604071378707886,0.6047540903091431,-0.6494491696357727,1.4431960582733154,1.1911001205444336,-0.4318718910217285,1.3555922508239746,0.2158728539943695,1.703626036643982,-0.5625619888305664,0.0893004909157753,-0.8925449848175049,0.9209145903587341,2.1482577323913574,-0.9433797001838684,-1.038712978363037,0.12041179835796356,0.7117575407028198,-1.466413974761963,-0.9208900332450867,-1.313782811164856,0.4498906433582306,1.11280357837677,2.30439829826355
weights btw layer1 to layer2,-0.9567854404449463,0.29631662368774414,0.19408738613128662,0.5881404876708984,1.917559027671814,-1.5142698287963867,1.8940107822418213,-0.0926624983549118,0.4808383285999298,0.6259433627128601,1.2177995443344116,-0.3073854446411133,-1.5283617973327637,-0.7772229909896851,-1.1938453912734985,1.1640803813934326,-0.0451355017721653,-1.297622799873352,-0.5014930963516235,-0.12190426886081696,-0.3388480246067047,-1.7268643379211426,-0.8802416324615479,-0.8767717480659485,1.1102153062820435,-0.9052748084068298,0.21371588110923767,-0.7242625951766968
weights btw layer1 to layer2,-0.6642921566963196,-0.37818464636802673,-0.8683153390884399,-0.6184881329536438,-0.021067876368761063,-0.015336934477090836,-0.30733373761177063,-1.9038028717041016,0.7556071877479553,-0.053848251700401306,-0.40888795256614685,-0.8043675422668457,-0.2488967627286911,0.00909688975661993,0.9242727160453796,-0.6997212171554565,-0.8170983195304871,-0.297683447599411,-1.1185612678527832,0.3762373626232147,-0.6710144877433777,-0.86821448802948,-0.15950696170330048,0.586428701877594,-1.9386489391326904,0.11195340007543564,0.2813522517681122,-1.090705156326294
weights btw layer1 to layer2,-1.1638760566711426,-0.5588693618774414,0.7883667349815369,0.7014966011047363,0.2605729103088379,-0.8507349491119385,0.2627398371696472,0.19150656461715698,1.3143954277038574,0.4490973651409149,-0.7637621760368347,-0.18035367131233215,1.5997655391693115,-0.2152911275625229,-0.7590919137001038,-0.3738023638725281,1.4335839748382568,1.5783418416976929,-1.8473330736160278,-0.0007637317758053541,1.1585654020309448,0.2738761603832245,-0.08212612569332123,-0.19758166372776031,-2.608741521835327,1.5475374460220337,-1.2521535158157349,1.3612056970596313
weights btw layer1 to layer2,-0.6151469349861145,0.2084764689207077,-0.1643567830324173,-0.2214774340391159,2.027273178100586,-0.5280374884605408,-1.0271167755126953,-1.0914180278778076,0.009262016974389553,0.7155900001525879,-0.15843012928962708,-1.4870678186416626,1.1081982851028442,-0.14352688193321228,-1.5059047937393188,1.1668730974197388,-0.5735295414924622,-0.18730174005031586,1.5485472679138184,-0.1946265548467636,0.6555823683738708,0.3291800022125244,1.3264350891113281,0.0373741015791893,-0.26132115721702576,-0.08272631466388702,-0.4540497958660126,-0.76035076379776
weights btw layer1 to layer2,0.6663141846656799,1.2751120328903198,0.06468434631824493,0.26033443212509155,0.25523141026496887,-0.15839384496212006,-0.09533075243234634,-0.6019213795661926,-1.7722364664077759,0.23018240928649902,0.5752606987953186,-0.18649379909038544,1.5155478715896606,0.10967548936605453,-1.262678861618042,0.8817726969718933,-0.9351878762245178,-0.8160787224769592,-0.05969518795609474,-0.20525598526000977,-0.4294702112674713,0.17744451761245728,-0.4836231768131256,-0.4503955841064453,-1.2543436288833618,2.0403902530670166,0.21707278490066528,-0.9100342392921448
weights btw layer1 to layer2,1.1230578422546387,-1.861331820487976,-0.30026957392692566,1.0134414434432983,-1.2657723426818848,1.2601776123046875,-0.6607109904289246,1.6581363677978516,0.6669924259185791,0.5345026254653931,0.8072393536567688,0.6605070233345032,-0.7166914939880371,1.9756114482879639,-0.481272429227829,1.2953474521636963,-0.44616207480430603,-1.6794294118881226,0.2008039802312851,0.2523677945137024,-0.06993525475263596,0.04719167575240135,-1.5055865049362183,1.0587862730026245,-0.7833881378173828,-1.455122947692871,-0.9852218627929688,-1.4760383367538452
weights btw layer1 to layer2,-0.040179021656513214,0.41931435465812683,0.7344228625297546,-0.5353946685791016,-0.7419626712799072,0.8114212155342102,-0.6352881193161011,-0.007943367585539818,1.2006263732910156,0.8508821725845337,-0.43759575486183167,0.2022131234407425,1.012940526008606,-0.16787998378276825,-0.32151728868484497,-0.3414044678211212,-2.3798270225524902,0.10538291931152344,0.3504025638103485,-1.1928470134735107,-0.3067949414253235,0.022479631006717682,0.1592559665441513,0.5492310523986816,-0.3962824046611786,-0.39345502853393555,2.078594207763672,-0.20707763731479645
weights btw layer1 to layer2,0.5380516052246094,-1.3640623092651367,1.1341216564178467,-0.7652746438980103,0.34948429465293884,0.18812118470668793,0.33280661702156067,-0.9535300731658936,1.5541192293167114,-0.5458060503005981,-0.19846601784229279,-0.056715868413448334,-0.3142366409301758,-0.5409276485443115,-0.0910433977842331,-0.005762611050158739,-0.10886601358652115,0.05013864114880562,0.005024837329983711,0.38931548595428467,1.4355326890945435,1.1995725631713867,-0.30357134342193604,-1.9473799467086792,0.5807029008865356,0.5585234761238098,-1.7445785999298096,-0.10582942515611649
weights btw layer1 to layer2,-0.9422515034675598,-1.1797209978103638,0.691139817237854,-0.170549675822258,0.35845983028411865,2.7138850688934326,0.5877196788787842,-0.14273104071617126,1.006219744682312,0.34718793630599976,-1.0376230478286743,-0.9398382306098938,0.34203794598579407,-0.3595522344112396,1.04816472530365,1.937218189239502,0.12938666343688965,-0.5852847695350647,-2.5795199871063232,-0.3189893066883087,0.3099646270275116,1.697836995124817,-0.2777712643146515,-0.8776806592941284,0.6115577220916748,-1.5213217735290527,-0.12226561456918716,-1.588329792022705
weights btw layer1 to layer2,-0.38813748955726624,1.221576452255249,-0.44674617052078247,-0.5972393751144409,-1.5113756656646729,0.9283638000488281,-0.599839448928833,-0.141973078250885,-0.7709392309188843,-1.3580858707427979,-0.057370271533727646,0.046807173639535904,-0.6342366337776184,-0.29864993691444397,-1.7875210046768188,-0.3874061405658722,-0.7595562934875488,-0.26032403111457825,0.7958725690841675,0.22376535832881927,0.8503389954566956,0.8447984457015991,1.8882861137390137,0.7234773635864258,-0.24648168683052063,1.6014442443847656,-0.6068770885467529,0.7320244312286377
weights btw layer1 to layer2,0.5267980694770813,-0.036758746951818466,0.20871184766292572,-0.9500691294670105,0.30461880564689636,-0.5101807117462158,-0.8915742039680481,0.625169038772583,0.4619962275028229,-0.6954662203788757,-0.886819064617157,-0.3473677933216095,-0.933022141456604,-0.709746778011322,-1.5874321460723877,0.6924330592155457,1.6627089977264404,-1.185284972190857,-0.6669848561286926,-1.7133896350860596,0.10866037756204605,0.10966606438159943,0.002724363934248686,0.4285476803779602,-1.6939122676849365,-0.7885421514511108,-0.3121486306190491,0.20396925508975983
weights btw layer1 to layer2,-0.2815234959125519,0.5880948901176453,-0.35648012161254883,2.9322900772094727,-0.21047264337539673,-0.1805548071861267,1.004083275794983,0.8527020812034607,-0.3396141529083252,-1.19599449634552,0.29148000478744507,-1.647153615951538,0.8644993305206299,0.6587018370628357,0.25968441367149353,1.642867922782898,-0.2623559832572937,0.3925417363643646,-0.09957209974527359,0.5116846561431885,0.06597527861595154,0.12163811177015305,-0.608738899230957,0.12238530814647675,0.20158074796199799,0.2073422223329544,0.37930160760879517,-1.2291456460952759
weights btw layer1 to layer2,0.505347490310669,0.5469434857368469,0.7561389207839966,-0.786967933177948,1.8661842346191406,0.5803391337394714,0.6078763604164124,-1.0606393814086914,2.0817182064056396,-0.008540541864931583,-0.4294688105583191,0.9945138692855835,0.12127254903316498,1.114861249923706,-0.016395559534430504,-0.6469737887382507,-0.25736701488494873,-0.16218754649162292,-0.1318097859621048,-0.5198832750320435,-0.14799697697162628,-1.1261837482452393,0.8402189016342163,1.1963708400726318,0.613684356212616,-1.7428590059280396,-1.7141549587249756,0.0465170219540596
weights btw layer1 to layer2,-1.5497255325317383,0.24417296051979065,-1.598802089691162,-0.28646421432495117,-0.34805911779403687,0.18648074567317963,-0.38860082626342773,-0.38343140482902527,-0.25256985425949097,-1.3932873010635376,0.2909572720527649,2.3703231811523438,1.095596432685852,0.5183666944503784,-0.10071469843387604,0.5567376613616943,-0.8110621571540833,1.720746397972107,-0.18136833608150482,1.0176085233688354,-1.0232996940612793,0.12868982553482056,-1.0133311748504639,0.697719931602478,0.4087432622909546,0.504332959651947,-0.3906687796115875,1.1043847799301147
weights btw layer1 to layer2,-0.8186468482017517,0.39031121134757996,-0.4265802800655365,0.8892892003059387,0.1340891718864441,0.959482729434967,-0.5475139617919922,-0.8110073208808899,0.38026493787765503,1.5534993410110474,1.2763581275939941,0.5221649408340454,-0.7448383569717407,-0.8781324028968811,-0.2070457935333252,0.6135156750679016,1.9706288576126099,1.14776611328125,-0.12061409652233124,0.3460930585861206,-0.18206168711185455,0.5882960557937622,1.6816203594207764,-0.467865914106369,-1.4663313627243042,1.018632411956787,-1.0690031051635742,0.2485199272632599
weights btw layer1 to layer2,-0.7299659252166748,1.9018118381500244,-0.580476701259613,0.13828304409980774,-0.5039449334144592,-0.39574411511421204,-0.04730572924017906,-0.1509723961353302,-1.2003675699234009,-0.19339264929294586,-0.4345482289791107,-0.46732303500175476,-1.4050607681274414,1.0038793087005615,0.24375517666339874,1.463255524635315,-0.5174607038497925,1.9814788103103638,-0.10168945044279099,-0.008576015010476112,-0.14874154329299927,-1.38870108127594,-0.630752682685852,-0.18541225790977478,0.22191493213176727,0.5261745452880859,-1.466171145439148,-0.06190484017133713
weights btw layer1 to layer2,1.3368788957595825,0.5221924781799316,0.39193183183670044,-0.83394455909729,0.9474663734436035,-0.5629478096961975,0.07584293186664581,1.8344247341156006,-0.9540943503379822,1.2839508056640625,-0.5903213024139404,-0.6530619263648987,0.6481048464775085,1.2532399892807007,-1.1930679082870483,2.196465015411377,2.744260311126709,-1.2587807178497314,1.4784471988677979,1.71597421169281,-0.3419683277606964,-1.4906840324401855,-0.4566776156425476,-0.486278772354126,0.9456724524497986,-0.8642551302909851,-0.819257915019989,0.8300639986991882
weights btw layer1 to layer2,0.0006746829603798687,0.3114764392375946,1.1936882734298706,-0.5947177410125732,0.910097599029541,0.49176880717277527,0.16333605349063873,0.14709524810314178,-0.5352823734283447,0.18894290924072266,0.9663833975791931,-0.6359270811080933,-0.7065092921257019,0.229594886302948,0.783046305179596,0.09936404228210449,0.7041159868240356,1.1021506786346436,0.6397289037704468,0.47537657618522644,-0.3443290889263153,0.41066116094589233,-0.5175657868385315,0.4599922001361847,0.9259859323501587,-0.7549363970756531,0.6535744071006775,-1.5578806400299072
weights btw layer1 to layer2,-0.6196949481964111,-1.2811660766601562,1.2829867601394653,1.5169918537139893,-2.841736316680908,-1.4568604230880737,-0.4083033800125122,-1.0747801065444946,-0.3863138258457184,0.9087830781936646,0.0896863043308258,-0.7103983759880066,-0.7946083545684814,0.02925487421452999,0.3231726586818695,-0.21172551810741425,0.7739420533180237,0.14783763885498047,-0.7085111141204834,0.9450762867927551,0.7977425456047058,0.7444875240325928,1.1750874519348145,0.8695851564407349,-1.8515753746032715,0.13261185586452484,0.8382627367973328,0.6250905990600586
weights btw layer1 to layer2,0.8524447679519653,-0.18078936636447906,-0.6585415005683899,0.9317541122436523,1.0958384275436401,-1.3206493854522705,0.28890302777290344,0.4451480805873871,0.4194042384624481,0.22515979409217834,2.073232412338257,-0.6781100630760193,-1.0278842449188232,-0.5321546196937561,-1.1378412246704102,-1.20135498046875,-0.8750680088996887,0.7917822599411011,0.0036239875480532646,-1.225156307220459,-0.2891579568386078,0.08517567813396454,0.44524067640304565,-0.16963821649551392,0.8589516282081604,-0.02231208235025406,-0.28566625714302063,-0.023451531305909157
weights btw layer1 to layer2,-0.9313782453536987,0.01245887577533722,0.04724259302020073,2.0421934127807617,-0.688201904296875,0.6698642373085022,-1.0750741958618164,0.3445250391960144,-0.24739044904708862,0.597115159034729,0.3624228835105896,-0.16971294581890106,0.5802106261253357,1.1245169639587402,0.38137558102607727,-0.6467209458351135,-0.748926043510437,-1.0294675827026367,0.2950817942619324,-0.5485528707504272,0.046015962958335876,-1.0901989936828613,-2.8556461334228516,-0.47032439708709717,-0.7749056816101074,-0.145254448056221,0.40791288018226624,-0.054791104048490524
weights btw layer1 to layer2,-1.445812702178955,-0.5450412034988403,2.335369825363159,0.12009543925523758,1.0975185632705688,0.4342966675758362,-0.8967985510826111,-0.5476748943328857,-0.6401714086532593,-0.4014485776424408,-0.16540402173995972,-0.7148450016975403,-0.7932069301605225,-1.6188234090805054,1.8087435960769653,2.1745684146881104,0.9371542930603027,-1.1170734167099,-0.13353922963142395,0.06637822091579437,0.7868021726608276,0.5407091379165649,-0.47336095571517944,1.1094691753387451,0.2348221093416214,1.4828869104385376,0.2872268855571747,0.7097586393356323
weights btw layer1 to layer2,0.2401033192873001,0.5070440173149109,-0.40674281120300293,0.49144285917282104,-0.2547936737537384,-0.19230210781097412,1.1667402982711792,1.8414949178695679,-0.14425353705883026,-0.29593467712402344,-0.2253454327583313,2.0008938312530518,-0.6861622929573059,0.2668285667896271,-1.157537817955017,0.08190213143825531,-0.24970118701457977,0.41023173928260803,0.26756751537323,1.1354389190673828,0.5059614777565002,-0.9526877999305725,-2.6152262687683105,-1.6302918195724487,-0.30392390489578247,-0.7377962470054626,2.8286778926849365,-0.19452424347400665
weights btw layer1 to layer2,0.16114920377731323,1.861947774887085,-0.09959349781274796,-0.862786054611206,0.4386829137802124,-0.3178226947784424,-0.669114351272583,-0.8171269297599792,1.1555869579315186,0.8972113728523254,0.30353233218193054,-0.7487189769744873,0.8616646528244019,1.7128087282180786,0.38953641057014465,-0.758233904838562,-0.8568148016929626,-0.455710232257843,-0.025068208575248718,-0.172237366437912,1.0177751779556274,0.26270583271980286,0.33273378014564514,-1.1772828102111816,0.8523199558258057,0.10775095224380493,-0.6262134909629822,0.7707957029342651
weights btw layer1 to layer2,-0.06579692661762238,0.4490893483161926,-0.41063225269317627,0.7353541851043701,-0.767357587814331,0.39325541257858276,0.9402931928634644,2.244330406188965,1.3419121503829956,0.07539980858564377,-0.9100884199142456,0.2060888707637787,0.9496594667434692,-0.5731968879699707,0.39380979537963867,0.24656841158866882,0.5207377076148987,-0.6082528829574585,-0.7572818398475647,-1.2915419340133667,-0.26423949003219604,1.2859339714050293,0.9705601334571838,-1.1981232166290283,-1.2346264123916626,0.219665065407753,-0.5812009572982788,1.0704083442687988
weights btw layer2 to layer3,0.44037482142448425,0.6084535121917725,2.0968549251556396,-0.22999687492847443,0.7978376150131226,0.7233795523643494,-0.5242224931716919,1.0103013515472412,0.7488171458244324,2.1818926334381104,0.4048537611961365,0.8204382658004761,-0.28092220425605774,-1.2933481931686401,-2.0771870613098145,-0.40290728211402893,1.265244483947754,0.10809782147407532,1.8734387159347534,1.4278318881988525,0.6149317026138306,0.5633667707443237,0.532056450843811,1.133409023284912,0.4622841477394104,0.33836525678634644,-1.7498263120651245,0.4367107152938843
weights btw layer2 to layer3,0.19097159802913666,-1.0062276124954224,0.47734490036964417,-0.4731299877166748,-0.5895298719406128,1.2765027284622192,0.5325781106948853,0.5731708407402039,-1.7673667669296265,-0.9854016900062561,0.06385716050863266,0.9956088662147522,-0.3812415599822998,-0.5650226473808289,0.8454194664955139,1.4502637386322021,0.2603608965873718,-0.5137283802032471,-0.1718086302280426,-0.3402714431285858,0.565110981464386,-0.968725860118866,1.2210214138031006,0.6801062226295471,-1.840173602104187,-0.6752656698226929,-0.6215402483940125,-1.6407352685928345
weights btw layer2 to layer3,2.789815664291382,-0.2591164708137512,0.0739944577217102,0.14614060521125793,-1.5962519645690918,-0.044385313987731934,-1.1980504989624023,0.7270328402519226,-1.1755435466766357,-0.03717104345560074,-0.09305542707443237,-0.5746781229972839,0.3991316854953766,1.7401515245437622,-0.2381793111562729,0.4096260368824005,0.5011725425720215,0.18723689019680023,0.11629055440425873,0.5495898127555847,0.41052669286727905,0.20459407567977905,1.024128794670105,-0.9461717009544373,-1.3483314514160156,-0.6766411066055298,0.38926106691360474,-0.7567667365074158
weights btw layer2 to layer3,-0.3024945557117462,1.3388794660568237,-0.36571523547172546,-1.552039384841919,1.060942530632019,0.23882687091827393,-0.2782483696937561,1.2735192775726318,-1.8451579809188843,-1.1376996040344238,-0.04685179144144058,-1.1297342777252197,-1.699118971824646,0.02006487548351288,0.30012840032577515,-1.4000223875045776,-0.565258800983429,-1.146779179573059,-1.120651364326477,0.16323627531528473,-3.2637832164764404,1.6162054538726807,0.4306219518184662,-0.43158090114593506,-1.3587613105773926,0.011416586115956306,0.6391107439994812,0.9696594476699829
weights btw layer2 to layer3,0.8052201271057129,0.7577608823776245,-1.895714521408081,0.30384233593940735,1.2540663480758667,-0.9845913648605347,-0.48581331968307495,1.423033595085144,0.31942638754844666,-0.1572141945362091,-0.7470284104347229,0.4382283389568329,1.6463556289672852,2.486565113067627,-0.16509586572647095,-1.7390048503875732,0.6777505874633789,1.6687865257263184,-0.36012348532676697,-0.9116703867912292,0.2602514624595642,-0.13516028225421906,-1.6649470329284668,-1.1754640340805054,-0.033605970442295074,-0.6364069581031799,-0.3833181858062744,-0.6569498181343079
weights btw layer2 to layer3,-0.8728228807449341,0.48533380031585693,0.729956328868866,-1.3754576444625854,-0.6395414471626282,0.015751253813505173,-0.2341458946466446,-0.6671435236930847,-0.03383486345410347,-1.0742957592010498,-2.206965208053589,-0.2321951985359192,1.2172726392745972,1.985826015472412,-0.42945483326911926,0.5117284655570984,-1.1790958642959595,-0.2114524245262146,-0.596779465675354,-1.9019345045089722,-1.2030863761901855,0.6853165030479431,-0.434585303068161,0.010567910969257355,-0.4374161958694458,0.038566704839468,-0.918444037437439,-0.8395934700965881
weights btw layer2 to layer3,-1.3561192750930786,0.4596918225288391,1.7273776531219482,-1.451155185699463,0.031558599323034286,2.179532289505005,1.0303577184677124,-0.09328459948301315,0.9356837272644043,2.0293021202087402,1.5882428884506226,0.20084254443645477,0.05864928290247917,0.5212020874023438,1.008121371269226,0.1408568173646927,0.31259867548942566,-0.05622550845146179,2.4118309020996094,1.0029734373092651,1.0299818515777588,-0.04789958521723747,-0.7052478790283203,-1.557047724723816,0.2508181035518646,0.14127402007579803,1.5965503454208374,1.2256014347076416
weights btw layer2 to layer3,0.42274320125579834,-1.1165529489517212,0.25353193283081055,1.3938262462615967,-0.8380918502807617,0.01389172300696373,0.1674361377954483,-1.333276629447937,0.6497052311897278,0.6616443991661072,-0.963795006275177,1.4643528461456299,-0.6907568573951721,-0.5214215517044067,0.9918089509010315,1.007981538772583,-1.3846299648284912,1.764636754989624,-0.3757053315639496,1.714200496673584,1.750360369682312,-2.4379026889801025,1.1462993621826172,0.7388294339179993,-0.5234867334365845,-0.7196183800697327,0.6424483060836792,0.4026156961917877
weights btw layer2 to layer3,-0.4394432604312897,-0.9855085015296936,-0.8250294327735901,1.299155831336975,-1.4532759189605713,-1.0565333366394043,1.9520444869995117,-1.5636214017868042,-0.36103546619415283,-1.9366799592971802,-0.060780782252550125,-0.288436621427536,-0.3005165755748749,0.6666882038116455,-0.21939416229724884,0.31437045335769653,-0.07019571959972382,0.9092702269554138,0.06069030240178108,0.44724979996681213,0.026479572057724,-0.2958817780017853,-0.2761496901512146,1.0494493246078491,-1.519680142402649,0.02215525507926941,0.46397149562835693,-1.2951850891113281
weights btw layer2 to layer3,0.25670287013053894,0.15079298615455627,-0.44609737396240234,1.766128420829773,0.41925081610679626,0.5399876832962036,-0.6605663299560547,0.3023943305015564,-2.21581768989563,0.5955308675765991,-1.8608750104904175,-0.13401146233081818,1.6203351020812988,-1.166996717453003,-0.05876806378364563,0.07213573157787323,-0.42390161752700806,0.40129387378692627,0.19793656468391418,2.0347766876220703,0.8448198437690735,0.8114014267921448,1.0845401287078857,0.7200916409492493,-0.965549111366272,-0.45514529943466187,1.7030270099639893,0.15771959722042084
weights btw layer2 to layer3,0.05543931946158409,0.011763906106352806,0.6220803260803223,-0.025484507903456688,1.6549023389816284,-1.0326110124588013,0.03944699838757515,1.182410717010498,-0.303361713886261,0.07631643861532211,-2.4134654998779297,-1.0406700372695923,1.3527454137802124,-1.3322468996047974,-0.7243803143501282,-0.6051607728004456,-0.10378923267126083,1.483946681022644,-0.3187170922756195,0.7676419615745544,-0.5784695744514465,0.8617807030677795,-0.9686004519462585,1.9711456298828125,1.5216858386993408,-0.22825485467910767,-0.341251403093338,-1.016342043876648
weights btw layer2 to layer3,0.060062307864427567,-0.7570173740386963,2.315408945083618,1.7833540439605713,-0.6211535930633545,-0.9492575526237488,-0.5392986536026001,-1.6076993942260742,0.4996744394302368,1.491286039352417,1.8797121047973633,0.6550434827804565,0.6179566383361816,0.08890552818775177,1.6223286390304565,1.2705365419387817,-0.020581699907779694,-0.36246487498283386,1.2406837940216064,2.0046749114990234,-0.6515429615974426,-0.21531608700752258,-1.1579382419586182,1.3003859519958496,-1.2256040573120117,0.12337001413106918,0.31116819381713867,0.7966848611831665
weights btw layer2 to layer3,-0.14149163663387299,-1.4165024757385254,1.4936388731002808,-0.3919259309768677,0.6906886696815491,-1.759888768196106,-1.7622171640396118,-0.723843514919281,0.14204303920269012,-0.028091775253415108,-0.6628940105438232,-0.21024051308631897,0.49418267607688904,0.9360133409500122,-0.643257200717926,0.6138036251068115,-1.4522243738174438,-1.2405486106872559,-2.2429091930389404,-0.34989020228385925,1.0650219917297363,-0.90618896484375,0.8207495808601379,-0.5718594789505005,-2.151630163192749,-0.4576600193977356,1.2862544059753418,0.853506326675415
weights btw layer2 to layer3,-0.10807046294212341,0.4346451759338379,-0.9438797235488892,-0.37570399045944214,1.1527754068374634,-0.5446359515190125,-1.3520389795303345,-1.6096099615097046,1.0008031129837036,-0.6112841367721558,0.3964528441429138,-0.5424351692199707,0.08030589669942856,0.3837869465351105,-0.7002608180046082,-1.9255353212356567,-0.34162598848342896,-1.3810282945632935,0.4695589542388916,1.1703027486801147,0.2965277433395386,-0.471467524766922,-0.34894859790802,-1.1952934265136719,0.05757066234946251,-1.9219573736190796,1.1901416778564453,0.6088576912879944
weights btw layer2 to layer3,-2.6186583042144775,2.03076171875,1.8618295192718506,1.4388400316238403,0.44072872400283813,-0.6811105012893677,0.44098883867263794,0.5038033723831177,0.5268556475639343,-1.1094799041748047,-0.4888453781604767,0.2663379907608032,-2.971544027328491,-1.3388985395431519,0.6849412322044373,-0.29637399315834045,-0.9665144681930542,0.9224103093147278,-0.9625284671783447,0.3119712769985199,-0.22545303404331207,-0.3058694005012512,1.2303001880645752,-0.11124683916568756,-2.68269419670105,-0.2124975323677063,-0.32881537079811096,0.8138547539710999
weights btw layer2 to layer3,0.3600271940231323,0.2801594138145447,-0.3768659830093384,0.4807354807853699,0.7772443294525146,0.4811658263206482,0.3790012001991272,0.18703240156173706,-1.2737905979156494,2.503598213195801,-0.5205090045928955,0.47164222598075867,-1.321132779121399,-0.4773610532283783,0.3835926949977875,0.14735248684883118,-0.397746205329895,0.07887569814920425,0.600166380405426,-1.6250519752502441,-0.43923914432525635,1.425752878189087,-0.22110508382320404,1.0028420686721802,-0.21807877719402313,-1.3188071250915527,-0.4738498032093048,0.5579842329025269
weights btw layer2 to layer3,2.867537260055542,1.3267062902450562,-0.049580734223127365,-1.0999360084533691,0.4896443784236908,-0.4894438087940216,1.4766796827316284,-0.6740733981132507,-1.0308506488800049,-0.45461443066596985,-1.1724879741668701,0.3007953464984894,0.6838361024856567,1.0522633790969849,0.7183478474617004,0.12904450297355652,-0.9796494841575623,0.701092004776001,-0.1978367567062378,2.0378427505493164,0.8577470183372498,0.8598954677581787,0.05107066035270691,1.2250792980194092,-0.28814181685447693,-0.8862158060073853,1.8678052425384521,0.40987229347229004
weights btw layer2 to layer3,0.6593953967094421,1.993835687637329,-0.17469768226146698,1.0165859460830688,0.9936137795448303,-0.5894294381141663,1.2541782855987549,0.7919321656227112,-0.13793545961380005,1.4510259628295898,0.11756440997123718,-0.3463735580444336,0.5344988703727722,0.7656946182250977,0.26588213443756104,0.9001085758209229,-0.5667095184326172,-0.391420841217041,-1.2305105924606323,0.6269358992576599,-0.010020172223448753,1.7265710830688477,-0.45485591888427734,0.4564414322376251,-2.230365753173828,-2.478456974029541,0.5307409763336182,0.009063659235835075
weights btw layer2 to layer3,0.48133647441864014,0.5796974301338196,0.5300250053405762,1.1972730159759521,1.2638053894042969,0.6794014573097229,0.8303778171539307,1.6862223148345947,0.4318302571773529,0.318959504365921,1.3141512870788574,-0.7564976811408997,0.02330932579934597,-1.5125080347061157,0.2442348301410675,0.9590635299682617,-0.5948643088340759,1.6334069967269897,-1.4105197191238403,0.2566812038421631,1.2664328813552856,1.0320582389831543,-0.4731218218803406,-0.45932385325431824,0.15623211860656738,-0.7859473824501038,0.5109239220619202,-1.5337705612182617
weights btw layer2 to layer3,-0.05213773623108864,0.13779644668102264,-0.9224080443382263,-1.03032386302948,0.4892471432685852,1.4916374683380127,0.7210741639137268,0.051762357354164124,0.6385709047317505,1.6299934387207031,-0.6048279404640198,-0.52302485704422,1.106042504310608,0.42593449354171753,0.8153210878372192,0.32243555784225464,-0.40587344765663147,0.22833135724067688,-1.6088720560073853,-0.6568885445594788,1.0795129537582397,-1.233506441116333,0.16978833079338074,-0.4567128121852875,-0.5090853571891785,-0.8741368651390076,0.9390987753868103,-0.010137905366718769
weights btw layer2 to layer3,1.6626324653625488,-1.7577728033065796,1.8152267932891846,-1.0981849431991577,0.010960880666971207,0.06332603096961975,-1.3414074182510376,-0.17712119221687317,-0.6515562534332275,0.35682377219200134,0.9431045055389404,1.3022204637527466,-1.0413000583648682,0.2089768797159195,-3.1483113765716553,1.7550969123840332,0.2507064938545227,-0.924311637878418,0.3742659389972687,-0.2355297952890396,-0.4273156523704529,-0.5054141879081726,-2.329150915145874,-1.0261549949645996,-1.7511683702468872,1.1002949476242065,0.9235509037971497,0.5401971936225891
weights btw layer2 to layer3,0.3989264965057373,0.6548723578453064,-0.4343767464160919,-0.3449367582798004,0.2154049277305603,0.007941416464745998,0.4623584747314453,0.3143067955970764,0.8230982422828674,-1.436439871788025,-0.5660415291786194,-0.13747937977313995,-0.4420749247074127,1.5198501348495483,-0.7411680817604065,-0.9901284575462341,0.1308852881193161,0.8932141661643982,-0.9084349870681763,1.101004719734192,-0.9605737924575806,-1.5333552360534668,-0.7155585289001465,0.8450624346733093,-0.7245087623596191,1.7641830444335938,-1.2274821996688843,1.2261710166931152
weights btw layer2 to layer3,0.5223679542541504,0.4717458188533783,0.45403507351875305,-0.4531213939189911,-0.33316802978515625,0.5443221926689148,-0.6385500431060791,-0.9737774729728699,-1.498329758644104,-0.09184661507606506,-0.49369820952415466,-0.647564709186554,-1.3943365812301636,0.8233816623687744,1.4478343725204468,-0.3748544454574585,-0.4670250713825226,1.2515650987625122,-0.9840206503868103,0.6222190856933594,1.1398191452026367,0.6353991627693176,-0.5426767468452454,-0.8515122532844543,-0.8789311051368713,1.417830467224121,0.3259361982345581,-0.862372875213623
weights btw layer2 to layer3,1.5010948181152344,-1.5873371362686157,-0.6854031682014465,-0.9335082769393921,1.6139678955078125,-0.3018781244754791,-0.6885155439376831,1.5674940347671509,1.5330380201339722,0.5065407156944275,-0.037423018366098404,-0.37149110436439514,-1.6424568891525269,-1.1771490573883057,-0.9932654500007629,-1.570536494255066,-0.08240614831447601,-0.361145943403244,0.7541690468788147,1.5934126377105713,0.24665488302707672,-0.3320564925670624,-0.20080283284187317,-1.1298737525939941,1.108884572982788,0.28772884607315063,-1.0068737268447876,-2.626901865005493
weights btw layer2 to layer3,1.2875155210494995,1.5499255657196045,-0.4464453160762787,1.124969244003296,1.93973708152771,0.011268189176917076,-0.3648231029510498,1.4113229513168335,-1.2153371572494507,-1.056292176246643,-1.1782959699630737,-0.32434144616127014,-0.08473626524209976,0.5303532481193542,-0.5724730491638184,-0.5103029012680054,-0.39225608110427856,1.3649036884307861,-1.3032656908035278,1.3481274843215942,0.17908670008182526,-0.6029554009437561,0.8909867405891418,-0.6148446798324585,0.5421714186668396,0.12041310220956802,0.11441097408533096,0.07061038166284561
weights btw layer2 to layer3,0.4003537595272064,-2.2064638137817383,1.3537894487380981,-2.4456539154052734,1.3870803117752075,0.0975005179643631,1.1231375932693481,-0.829846203327179,-0.01945972815155983,0.5680733919143677,-1.2399166822433472,-0.027946937829256058,-1.0829559564590454,0.07983976602554321,0.26059815287590027,0.5774012804031372,0.830335259437561,0.9413051605224609,-0.13641805946826935,-1.6239705085754395,0.1692766696214676,0.5890257358551025,0.10553310811519623,0.5251471400260925,-0.3140290379524231,-0.21165378391742706,-0.4394020438194275,-0.317417174577713
weights btw layer2 to layer3,-2.159796714782715,-0.14369520545005798,-1.429341197013855,1.6972359418869019,-1.562059998512268,-0.7442547678947449,1.0423663854599,-0.22940222918987274,1.2671113014221191,-0.5382993817329407,0.7691001892089844,1.662416696548462,0.16569162905216217,0.35509660840034485,-0.16493676602840424,-0.13277514278888702,-0.7151760458946228,-0.64296954870224,-0.02983207255601883,-0.46789899468421936,0.7918573021888733,-0.7971586585044861,-0.8145637512207031,-1.2883567810058594,1.889337420463562,-0.6125221252441406,1.9467873573303223,0.5077045559883118
weights btw layer2 to layer3,-1.2002180814743042,1.485682487487793,0.3795556128025055,0.4603480398654938,0.8952854871749878,-0.3347741365432739,-0.42387622594833374,-0.4097369313240051,-2.5431277751922607,-1.4377275705337524,-0.8729799389839172,-1.5372228622436523,0.07688401639461517,0.056971341371536255,0.9867600202560425,0.06680377572774887,-1.8658380508422852,-0.8519179821014404,-0.7236377596855164,1.6360249519348145,-0.6310395002365112,0.3996271789073944,0.633482813835144,0.6958104372024536,0.656282901763916,0.9521008729934692,0.661607027053833,-0.4532689154148102
weights btw layer3 to layer4,-0.012758828699588776,2.708343982696533,-1.0011053085327148,0.07766357064247131,0.5401967167854309,-1.0118829011917114,2.772282838821411,-2.233799934387207,-0.5052095651626587,-1.3138859272003174,-1.4287079572677612,-1.200249433517456,-0.8432558178901672,0.3688559830188751,0.8333447575569153,0.5929837822914124,-0.3793390691280365,-1.1342647075653076,0.6003789305686951,1.5181105136871338,0.1466260850429535,0.6086806058883667,0.35620632767677307,-0.4010266661643982,1.0771783590316772,-0.6185953617095947,-0.6071935296058655,-1.40731680393219
weights btw layer3 to layer4,0.7825939655303955,-0.4787490963935852,-1.4903897047042847,0.4186646342277527,0.24344485998153687,0.15563306212425232,-0.1882937252521515,-0.7784962058067322,-1.9669888019561768,-1.142868995666504,-1.685459017753601,-0.44057992100715637,-0.2734737992286682,1.1806074380874634,-0.3005956709384918,-1.2138093709945679,0.5675165057182312,1.0909689664840698,-1.0122393369674683,1.0560153722763062,-0.08566870540380478,-1.9882148504257202,-0.5908355116844177,-0.772244393825531,-0.47120192646980286,-0.28958094120025635,0.6156063675880432,1.9987221956253052
weights btw layer3 to layer4,0.41674375534057617,-0.4438732862472534,-0.15551497042179108,-0.6525336503982544,-0.845841109752655,-0.4887975752353668,0.3055604100227356,0.7459579110145569,-0.3336434066295624,-0.3109685480594635,1.7330669164657593,0.047734398394823074,0.4575938582420349,0.05782314017415047,2.4923465251922607,0.38553038239479065,0.9866810441017151,-0.440666526556015,-1.0349981784820557,0.33763429522514343,0.8176475763320923,0.4932309091091156,0.5721508860588074,1.672060251235962,1.162833571434021,0.7776761054992676,0.26381397247314453,-1.7974697351455688
weights btw layer3 to layer4,-0.7161967158317566,0.284579336643219,-0.49609383940696716,0.05361926555633545,1.594364881515503,0.07649080455303192,-0.8517272472381592,-0.10326657444238663,0.13423730432987213,-0.4750956892967224,0.11270763725042343,0.03959362208843231,1.4343620538711548,0.5768765807151794,-1.9625579118728638,-0.5073156356811523,0.5033012628555298,0.5335890054702759,-0.5192511081695557,-0.009210094809532166,-1.0730323791503906,1.1735448837280273,1.6969120502471924,0.44589078426361084,1.0707590579986572,0.3925560712814331,0.07984694093465805,-1.5710649490356445
weights btw layer3 to layer4,0.7668435573577881,0.2713775932788849,-0.6293421983718872,1.2577394247055054,0.9929360747337341,-0.247064471244812,0.860007643699646,-0.3331122100353241,-0.0778956338763237,0.39513716101646423,-2.0986783504486084,-0.7325826287269592,-0.6979230642318726,-1.2310768365859985,1.7907016277313232,0.8660812973976135,0.37180009484291077,-1.2019362449645996,-0.9856695532798767,-0.6040766835212708,0.8973372578620911,1.2092390060424805,2.263153553009033,0.340005487203598,-1.4862877130508423,-1.2341816425323486,0.6076446771621704,-1.7365304231643677
weights btw layer3 to layer4,0.12703974545001984,-0.6085962653160095,2.4529294967651367,-0.7335628867149353,1.0540802478790283,0.9976227879524231,1.5273252725601196,0.6932695508003235,-0.7418192028999329,-1.443825125694275,0.7955768704414368,-1.9615761041641235,-0.981842577457428,-0.06360038369894028,0.29302725195884705,-0.5803003907203674,1.7714133262634277,-1.112594723701477,-0.16650891304016113,-0.483243852853775,-0.09378672391176224,-0.007619936019182205,-0.21752434968948364,0.9178082942962646,0.6680217981338501,1.3899481296539307,-0.833815336227417,0.8115676045417786
weights btw layer3 to layer4,-0.041331514716148376,-1.4610180854797363,-0.8530865907669067,1.5593655109405518,0.6017436981201172,0.4608990252017975,-0.3182165026664734,0.3234705626964569,-0.3909948766231537,-1.3628971576690674,-0.0803450345993042,0.5157834887504578,0.06285710632801056,-0.4285566210746765,0.5180819034576416,-0.058613184839487076,-2.115248680114746,0.41575491428375244,-0.008278893306851387,1.4799460172653198,0.7800320982933044,-0.28482240438461304,1.4100173711776733,-0.3551892042160034,0.5850067138671875,-1.7054815292358398,-0.4783950448036194,-0.034184955060482025
weights btw layer3 to layer4,2.3140299320220947,0.35409775376319885,0.7111243009567261,-0.9057256579399109,-1.7466732263565063,-0.17236196994781494,0.21299853920936584,-0.8950507044792175,-0.41051921248435974,-2.37519907951355,1.6753754615783691,-2.2329835891723633,-0.46006765961647034,-0.7592733502388,-1.2985641956329346,0.5246210098266602,0.9506612420082092,-1.823348879814148,0.756253719329834,-0.12663017213344574,-1.0507458448410034,-0.5050609111785889,-0.263672798871994,1.1232209205627441,0.12341239303350449,-0.27292105555534363,-0.27429941296577454,0.9222036004066467
weights btw layer3 to layer4,1.0064765214920044,1.1881344318389893,0.26047468185424805,-1.3705083131790161,0.32065024971961975,1.0673352479934692,0.5692104697227478,1.0265051126480103,-0.9041518568992615,1.0088624954223633,-0.8003671169281006,0.013173285871744156,0.6153215765953064,-1.0486245155334473,0.8612557649612427,-0.703709602355957,-0.061109405010938644,-0.5800502300262451,-0.5235763788223267,0.7322653532028198,1.0326446294784546,0.5270466208457947,0.9752128720283508,-1.438392162322998,-2.5886964797973633,-1.3969382047653198,0.7340458631515503,-0.0618542805314064
weights btw layer3 to layer4,-1.5214475393295288,-0.32664936780929565,2.2322604656219482,1.7077354192733765,0.3777443766593933,-0.43748044967651367,0.8401551842689514,0.37237992882728577,1.2553319931030273,0.3477124571800232,0.011723297648131847,-0.4633302390575409,1.5525895357131958,0.09994596242904663,1.2983109951019287,0.8094091415405273,0.09410453587770462,-0.8723026514053345,-1.1747742891311646,-1.9399648904800415,-1.8582764863967896,0.6534858345985413,-2.0598838329315186,-1.0376399755477905,-0.39393603801727295,0.24335557222366333,-0.4724041819572449,-0.11306983977556229
weights btw layer3 to layer4,-0.9152436256408691,-1.3067361116409302,0.9624274969100952,0.5385924577713013,0.2851463556289673,0.6043199300765991,1.2741351127624512,0.182434543967247,1.2746753692626953,-0.46165814995765686,0.6587021946907043,-1.440080165863037,-0.11901603639125824,0.5279024839401245,1.9728872776031494,-0.02852495014667511,-1.6951960325241089,-0.6102487444877625,-0.6333439350128174,0.7553775310516357,-1.1747461557388306,-0.7677502632141113,1.817629098892212,-1.6430845260620117,-0.331551194190979,-1.165387511253357,-0.4995651841163635,-0.8387216925621033
weights btw layer3 to layer4,-0.46121159195899963,-0.5030611753463745,0.10216085612773895,-1.3979195356369019,2.2185685634613037,-2.400261878967285,0.15316110849380493,1.0447744131088257,1.8030166625976562,-0.4759870171546936,0.9327474236488342,-0.8605514764785767,1.0983463525772095,0.4903525114059448,-0.1689722090959549,0.3568565547466278,0.47585922479629517,1.8943270444869995,-1.9151248931884766,0.24258048832416534,1.3519566059112549,1.5685242414474487,-0.24373823404312134,-0.999061644077301,-0.4770565927028656,0.14873220026493073,-1.473376750946045,1.0820368528366089
weights btw layer3 to layer4,0.9061169624328613,-0.3493860960006714,2.324554920196533,-0.23478533327579498,0.6702547073364258,0.40430957078933716,-0.3852509558200836,-0.3470839858055115,0.5683099627494812,0.3070148825645447,-1.3137410879135132,-0.19610853493213654,0.5806137919425964,1.319928765296936,-0.8552016615867615,0.06040290743112564,0.6726032495498657,0.2257157266139984,-1.5331250429153442,0.04413706436753273,0.40233907103538513,0.362844854593277,-1.993425726890564,0.31970763206481934,-0.02980390563607216,-1.5216556787490845,-0.34560978412628174,0.2328752875328064
weights btw layer3 to layer4,-0.7092651128768921,2.315962314605713,0.43447476625442505,-0.21792834997177124,-0.3389061391353607,-0.17301492393016815,0.24502681195735931,0.7756760120391846,0.19639351963996887,-0.36435142159461975,-0.05971802398562431,0.8498765230178833,0.4124309718608856,1.1636625528335571,-0.8477036952972412,1.8891445398330688,1.224650263786316,0.6982631087303162,0.9296889901161194,-1.4412789344787598,0.05150710791349411,0.39199408888816833,-1.0703389644622803,0.3124461770057678,8.889772288966924e-05,-0.4900375008583069,-1.4788179397583008,-1.7511489391326904
weights btw layer3 to layer4,-1.9204223155975342,0.5666326284408569,0.9406260848045349,2.096893310546875,0.1647939383983612,0.8566275835037231,-0.9842061996459961,-0.9044150710105896,-0.6464211344718933,-1.458316445350647,0.7431963682174683,-0.08528623729944229,-0.06790623068809509,-0.469727486371994,2.187187671661377,1.7408288717269897,1.814976692199707,-1.0971237421035767,-0.05934040993452072,1.9963082075119019,-2.786348581314087,2.387707471847534,-0.07234995067119598,1.5878233909606934,-0.5823067426681519,-2.36065936088562,-0.39862060546875,-0.2883896827697754
weights btw layer3 to layer4,-1.4079978466033936,-0.0566839762032032,-0.33594372868537903,-1.5492554903030396,0.10425490140914917,-0.09915947169065475,0.4219309389591217,0.7135108709335327,0.2467491775751114,1.0163086652755737,-0.09958202391862869,0.510785698890686,1.9030036926269531,0.7156181335449219,0.031117837876081467,-0.19516873359680176,-1.2279415130615234,-0.02684655785560608,-0.22430241107940674,-0.520263135433197,-0.3621862828731537,1.6864423751831055,0.6580317616462708,-0.6037176251411438,0.44506868720054626,1.4731525182724,1.6889088153839111,-0.11992407590150833
weights btw layer3 to layer4,1.2231394052505493,0.9341806769371033,-2.413923978805542,0.2698878347873688,0.8655557036399841,0.1708144247531891,-0.29164305329322815,0.7122765183448792,-1.1034343242645264,0.857824444770813,0.7889715433120728,1.8732877969741821,-1.5855311155319214,-0.15370607376098633,0.2452317178249359,0.32114753127098083,-0.04552721232175827,-1.4754304885864258,-2.776747703552246,-1.074208378791809,-1.9284294843673706,0.976343035697937,-0.6661983132362366,-0.6371023654937744,1.5608805418014526,-1.2891277074813843,1.8653478622436523,0.7794162034988403
weights btw layer3 to layer4,0.3947770595550537,-0.07753605395555496,-0.043232690542936325,2.092123031616211,-0.16922500729560852,0.1622799187898636,-0.6974671483039856,-0.5971812605857849,2.928323984146118,1.4139735698699951,-0.27746331691741943,0.2807718813419342,0.4628431797027588,-1.4289937019348145,1.2844467163085938,-1.0236144065856934,0.041641607880592346,-0.5569034218788147,-0.6556559205055237,-0.5529797077178955,-1.194544792175293,1.3775779008865356,0.42396071553230286,-1.361798882484436,0.8615962862968445,-0.59395432472229,0.033181965351104736,-0.527343213558197
weights btw layer3 to layer4,1.6596287488937378,0.3153722286224365,-1.422257661819458,0.1560875028371811,0.8587719202041626,0.7399829030036926,-1.424101710319519,-0.8464500904083252,-0.0008957854006439447,0.7486575245857239,1.2825709581375122,1.1427819728851318,1.0227973461151123,-2.5536978244781494,1.3498458862304688,-1.028207778930664,0.837926983833313,0.3501235544681549,-0.7310043573379517,-0.16402779519557953,-0.3193798065185547,-0.3260577917098999,0.3173569440841675,-0.7583479881286621,0.00151339964941144,-0.30914321541786194,-0.36957213282585144,0.499504029750824
weights btw layer3 to layer4,-0.011145021766424179,-1.0879955291748047,0.23446980118751526,1.953913688659668,-1.5516557693481445,0.4457729756832123,0.21045783162117004,0.0507635734975338,0.018802188336849213,-0.7209972739219666,1.7936452627182007,0.5793570280075073,-0.2575804591178894,0.9778494834899902,-0.5629690289497375,-0.43829506635665894,0.8573852777481079,-0.305277943611145,-1.3211686611175537,0.4847487509250641,1.7408342361450195,0.19275160133838654,1.0641214847564697,-1.2755645513534546,1.011452555656433,-0.3209938108921051,0.2798923850059509,-0.4090655446052551
weights btw layer3 to layer4,1.0013731718063354,-0.8985387682914734,-1.18092942237854,-0.8093453645706177,0.03916168585419655,0.1614365428686142,-0.5514242649078369,-1.8990545272827148,0.19499777257442474,-0.4442369043827057,-1.0712984800338745,2.1411752700805664,-0.4201154112815857,-0.11609954386949539,0.6893726587295532,1.8357925415039062,-1.5099925994873047,-0.2757677733898163,-0.2552548050880432,0.20009787380695343,-1.4927709102630615,-2.5149130821228027,0.06201494485139847,0.9677903652191162,-0.5191167593002319,0.31394144892692566,0.10409106314182281,-0.1933184117078781
weights btw layer3 to layer4,1.5767507553100586,-2.0360381603240967,1.0764389038085938,0.7757784128189087,0.3565734326839447,-0.2630023956298828,-0.4580194354057312,-1.6027675867080688,0.5937092304229736,-0.12386088073253632,-0.3057933747768402,-0.05577798932790756,0.17958113551139832,-1.2240252494812012,-0.5733646750450134,1.0591388940811157,1.071436882019043,0.02514878660440445,-0.8029214143753052,-0.24007965624332428,0.16953249275684357,-1.288124918937683,0.4377862513065338,-0.40366119146347046,-0.3295251727104187,0.5148513317108154,-1.0636866092681885,-1.1420913934707642
weights btw layer3 to layer4,0.6172674894332886,0.6770227551460266,0.08129709213972092,-1.2392983436584473,-0.08778758347034454,0.25762712955474854,-1.6893198490142822,0.4616425931453705,-0.46652165055274963,0.6674651503562927,-0.995037853717804,-0.056534670293331146,1.0556482076644897,1.683534860610962,-1.4284417629241943,-0.9818850159645081,1.140721321105957,-0.5480126142501831,-0.023450346663594246,-0.6279188990592957,-0.2980874478816986,-0.19515825808048248,0.3056827783584595,-0.823930025100708,-1.689920425415039,-0.1116146519780159,-0.08606792986392975,0.6145983338356018
weights btw layer3 to layer4,0.025108741596341133,0.8050440549850464,-0.014081758446991444,0.2338620126247406,-1.5637578964233398,-2.0165648460388184,-0.7873051166534424,-0.3109802007675171,0.6067453622817993,0.12503129243850708,0.0012899248395115137,-0.49152350425720215,0.30799800157546997,-1.1135340929031372,-1.0858526229858398,0.4141279458999634,1.017885446548462,0.44635459780693054,-0.2342323660850525,-0.1310967355966568,0.35160496830940247,-0.686097264289856,0.661148726940155,0.6199228167533875,0.13920675218105316,-0.9832068681716919,-1.3787740468978882,-0.9013221263885498
weights btw layer3 to layer4,-0.9312307834625244,-1.0478003025054932,1.331506371498108,0.8650673031806946,0.14829161763191223,-1.2414584159851074,-0.19204331934452057,0.5442934632301331,-0.20435352623462677,1.5388754606246948,1.0429770946502686,-0.8296974301338196,-0.11915673315525055,0.9531996250152588,0.8148350715637207,1.1297932863235474,-1.9066376686096191,-0.8742091059684753,-1.3832640647888184,-0.058699142187833786,-0.7963844537734985,0.43501192331314087,-0.00386750022880733,-0.48238226771354675,0.1631445586681366,-2.423011064529419,0.041096996515989304,-1.7397233247756958
weights btw layer3 to layer4,-0.828212320804596,-0.5937964916229248,1.3159337043762207,0.725567638874054,-0.6446113586425781,0.12494856864213943,0.1362636536359787,-0.1336103230714798,0.2504575252532959,1.2597607374191284,-1.0129140615463257,-1.2579714059829712,0.5943513512611389,0.182896688580513,0.4974326193332672,-0.12176159024238586,-0.5674867630004883,-2.047194480895996,0.005651295650750399,0.6701646447181702,-0.9342746734619141,-0.33852842450141907,-0.10468637943267822,-0.7390556335449219,-0.628711462020874,-0.16889473795890808,1.2982724905014038,0.39263948798179626
weights btw layer3 to layer4,0.14629335701465607,-1.8431240320205688,0.8469067811965942,-0.5874767899513245,1.5713289976119995,-1.5326673984527588,0.28403231501579285,-1.5347570180892944,0.4132232666015625,1.0527287721633911,0.15366283059120178,2.319328546524048,1.8304518461227417,-0.8261168599128723,0.16408216953277588,0.08435768634080887,0.607967734336853,-0.7482814192771912,-0.3202302157878876,-0.3596259653568268,0.13192705810070038,1.0141758918762207,-0.041320912539958954,-0.48354169726371765,0.21640878915786743,0.4496883749961853,1.1164273023605347,-2.3295977115631104
weights btw layer3 to layer4,0.3429267406463623,-0.7864584922790527,0.8866204023361206,0.13680268824100494,0.7023648619651794,-0.10084205120801926,-0.46868324279785156,-0.5595149397850037,0.3547307252883911,0.4491976797580719,-1.180640459060669,0.9702118039131165,0.06119115278124809,-0.8777923583984375,0.46817344427108765,0.3050574064254761,-0.7174217104911804,-1.8785237073898315,-0.4115164577960968,-1.1844407320022583,-0.480363130569458,-0.274728000164032,1.2433385848999023,1.2533031702041626,0.543087363243103,0.6733148097991943,1.0695685148239136,2.68047833442688
weights btw layer4 to layer5,0.9463017582893372,0.6787593364715576,1.8736768960952759,1.2239962816238403,-0.5097544193267822,0.6073251962661743,0.03869415819644928,-0.721330463886261,-0.5058115124702454,-0.7440534830093384,0.8445813655853271,1.3559199571609497,0.9031628370285034,1.0211094617843628,1.298561692237854,1.2447727918624878,-1.7354507446289062,0.08714423328638077,-3.3314366340637207,-0.9086281657218933,-0.7614243030548096,0.7437180876731873,0.04376574605703354,0.7174679040908813,0.1871834248304367,0.004607944283634424,-0.9740829467773438,-1.5936795473098755
weights btw layer4 to layer5,2.4214084148406982,0.13826224207878113,-1.4079161882400513,1.2055628299713135,0.17121675610542297,-1.6278598308563232,1.822579026222229,1.2144970893859863,0.3859347701072693,-1.4638222455978394,1.798251986503601,-0.5292143225669861,-0.5552704334259033,0.4484621584415436,-1.5557618141174316,-0.31660735607147217,-0.42892006039619446,-1.284047245979309,0.6716020703315735,0.05401903763413429,0.5752145648002625,1.933398723602295,-0.6937960386276245,0.34171923995018005,0.560844361782074,-0.7202739715576172,0.7971046566963196,-0.2917967736721039
weights btw layer4 to layer5,0.7412984371185303,-1.013472080230713,1.2066255807876587,-0.8328044414520264,-0.44828423857688904,1.325257420539856,1.2126610279083252,0.023316960781812668,0.6353018879890442,-1.3038771152496338,-1.4767049551010132,-0.054556358605623245,-0.36513951420783997,-0.18918633460998535,0.12569200992584229,1.5675044059753418,-0.6748402714729309,1.023187279701233,1.417014241218567,1.1652456521987915,-0.12822847068309784,-0.8499502539634705,0.9736166596412659,-0.37918969988822937,0.04093964770436287,0.5138050317764282,0.04303035885095596,-1.3697068691253662
weights btw layer4 to layer5,-0.5357228517532349,-1.7872587442398071,0.47512927651405334,1.019314169883728,1.5159269571304321,0.6868221759796143,-3.858668804168701,-0.2770630717277527,-0.6218994855880737,0.8622097969055176,-1.3598297834396362,-0.6814057230949402,0.6168325543403625,-0.7365435361862183,0.8027980327606201,-1.2042109966278076,-0.32116323709487915,-1.9680471420288086,0.6551253199577332,-2.438551187515259,-0.19265231490135193,0.09973573684692383,2.055601119995117,0.446604460477829,1.4307295083999634,0.31405189633369446,-0.6334657669067383,-1.5444731712341309
weights btw layer4 to layer5,-1.104201078414917,-1.0432493686676025,0.2895527780056,-0.036526843905448914,-0.4511382579803467,0.31772759556770325,1.5395504236221313,0.003192116040736437,0.2950446903705597,-0.82883620262146,0.8583933115005493,1.9098036289215088,2.928006410598755,0.5579151511192322,-0.40420570969581604,0.6071376204490662,-0.9895565509796143,-0.4218018352985382,-0.6675043702125549,-0.9091117978096008,-0.05623516067862511,-2.0399317741394043,-2.066988229751587,0.5495668649673462,-2.2894349098205566,0.33320367336273193,0.33944037556648254,-0.7550275325775146
weights btw layer4 to layer5,0.1391989141702652,1.5149306058883667,-0.9769012928009033,-1.0614286661148071,1.7790628671646118,-0.39037927985191345,-1.37975013256073,-1.436058521270752,0.4201411008834839,-0.15347588062286377,-0.927545964717865,0.07602646946907043,1.3705800771713257,1.2608318328857422,-0.5897209048271179,-2.2220895290374756,-0.13826605677604675,0.7427419424057007,-0.9968999624252319,-0.4298655092716217,0.2993590235710144,0.33692869544029236,1.3751286268234253,0.9585438370704651,-1.1877532005310059,0.8707096576690674,0.5783821940422058,1.4661908149719238
weights btw layer4 to layer5,-0.49761340022087097,-0.6862857341766357,0.2008766531944275,-0.056803878396749496,0.2603186070919037,0.7592130899429321,-1.1353869438171387,0.45343664288520813,-0.707892119884491,-0.07039870321750641,0.08694328367710114,0.08984929323196411,0.01806746795773506,0.9829853773117065,-0.6860658526420593,-0.180376797914505,0.908747673034668,-0.6492812633514404,-1.4836965799331665,1.5395077466964722,0.49176329374313354,0.5489081740379333,0.0659174993634224,-1.3494768142700195,-0.13306641578674316,-0.42723214626312256,-0.2842518091201782,-1.2426992654800415
weights btw layer4 to layer5,0.44900137186050415,0.6908066272735596,0.47546544671058655,-0.625762939453125,-0.6887620091438293,-2.4685041904449463,-0.3799906075000763,-0.3289700746536255,-2.0303795337677,0.1863769143819809,2.009704828262329,-0.10092294961214066,-0.6304349303245544,0.1220303475856781,-0.011193158105015755,-0.9323844313621521,0.8627882599830627,2.5353810787200928,-2.4471004009246826,0.3650577664375305,-0.6092952489852905,0.7797988653182983,1.5369060039520264,0.5626827478408813,0.8072188496589661,-0.9277421236038208,1.903912901878357,0.47874996066093445
weights btw layer4 to layer5,1.364637017250061,-0.036932412534952164,1.5594607591629028,1.1577080488204956,-0.7957121133804321,0.40041613578796387,-0.5381293296813965,-1.0085678100585938,-0.14436466991901398,-0.5813102722167969,0.3843364715576172,1.930490255355835,1.1525436639785767,-0.5932188630104065,0.063743457198143,0.41430503129959106,-1.429751992225647,0.515018880367279,0.07159546762704849,-0.7678161859512329,1.8619651794433594,0.5296036005020142,-0.911061704158783,-0.07183164358139038,-2.034976005554199,-0.9543830156326294,-0.5831363797187805,1.8658593893051147
weights btw layer4 to layer5,-1.0051066875457764,1.4144974946975708,0.173638254404068,1.7888938188552856,0.8976427316665649,0.22008278965950012,0.4729403555393219,0.14651091396808624,-0.6816575527191162,0.16063743829727173,-0.004385524429380894,-1.58616304397583,-0.6693615317344666,2.0210015773773193,-0.6439101099967957,0.09867853671312332,-2.1244771480560303,0.07148332893848419,-0.3546804189682007,-1.894142985343933,1.3185398578643799,0.9371761083602905,0.16712242364883423,-0.04341346397995949,-1.429573893547058,0.5657325387001038,-0.5379066467285156,1.1276639699935913
weights btw layer4 to layer5,-1.5573441982269287,0.9285100102424622,-1.2072720527648926,0.726798951625824,0.16090813279151917,-0.7367210984230042,1.268851399421692,-0.7722787261009216,-0.5135162472724915,0.5175942778587341,0.2531309723854065,-1.1873480081558228,0.40331771969795227,-0.3122834265232086,0.6133270859718323,1.1652637720108032,-0.5558208227157593,1.246848702430725,1.0399757623672485,1.3817509412765503,0.4299214780330658,-1.1278927326202393,-1.303284764289856,-0.40613633394241333,-0.2637096047401428,1.2238167524337769,-0.5648019909858704,0.5213760137557983
weights btw layer4 to layer5,-1.068340539932251,0.3603399097919464,0.5801168084144592,-0.24221959710121155,-0.6441465020179749,0.42210108041763306,-0.4099805951118469,1.6302988529205322,-0.2850382328033447,0.07343617081642151,-0.34922194480895996,-0.8361778855323792,-0.826815128326416,1.7533148527145386,-0.5828961730003357,-0.07566523551940918,-0.26641878485679626,-0.12217994034290314,1.45863938331604,-0.08753053843975067,0.07401256263256073,1.6219302415847778,-0.025302059948444366,0.2935163080692291,0.2268815040588379,0.4963730275630951,-0.20020213723182678,-1.0087827444076538
weights btw layer4 to layer5,1.177711009979248,-0.6965444684028625,-0.9505395889282227,-0.2855073809623718,0.999064028263092,-0.9105320572853088,0.386854887008667,0.25584250688552856,-0.02428561821579933,-0.5961342453956604,0.6535823345184326,0.9135135412216187,-1.6379153728485107,-0.2630726099014282,-0.9746015667915344,1.8081713914871216,1.0096564292907715,-0.008677249774336815,-0.7777796387672424,1.9475492238998413,-1.4396904706954956,0.537182629108429,-0.7139484882354736,0.27405640482902527,-0.4522225558757782,-0.4189700782299042,1.2266945838928223,-1.3056955337524414
weights btw layer4 to layer5,-0.1310180425643921,-0.47553855180740356,1.4089857339859009,2.1558210849761963,-2.1141438484191895,0.05436968058347702,0.6452873945236206,-1.9353704452514648,-0.23346853256225586,-0.6742150187492371,0.9478802680969238,0.14040280878543854,0.2950441837310791,-2.3036301136016846,-0.4314684271812439,-0.4175529181957245,-1.681082010269165,-0.013552253134548664,0.5539281368255615,-0.9122502207756042,0.8069534301757812,-1.8961687088012695,1.418792486190796,-0.779060423374176,0.6235096454620361,1.0765681266784668,1.6579627990722656,-0.8882609605789185
weights btw layer4 to layer5,0.5684842467308044,-0.9540000557899475,0.5318730473518372,-0.2248571813106537,-1.430455207824707,-1.0620137453079224,-0.2641068398952484,-0.08947504311800003,-0.7178603410720825,1.5908963680267334,0.22340884804725647,0.7928926348686218,1.8451687097549438,0.011276736855506897,-0.2265062928199768,0.16950011253356934,0.14627887308597565,-1.7468284368515015,-1.2684098482131958,-2.764476776123047,-0.24649442732334137,-0.16044610738754272,1.1015721559524536,1.7199217081069946,1.5709446668624878,-1.3959002494812012,-0.021838301792740822,0.29979783296585083
weights btw layer4 to layer5,1.107260823249817,0.20233231782913208,0.6357550621032715,0.3240593671798706,1.0127474069595337,0.7859408259391785,-0.07253666967153549,-0.2032662034034729,0.544817328453064,1.4861648082733154,-0.8175068497657776,0.4759828746318817,1.4830061197280884,-1.365249752998352,1.1119188070297241,0.8424299359321594,0.27663248777389526,-0.15126200020313263,0.3616870939731598,1.420519471168518,-1.387699007987976,1.351457118988037,-0.06097075715661049,-1.520951509475708,1.54111909866333,1.8710805177688599,-1.2067569494247437,2.3783793449401855
weights btw layer4 to layer5,-0.8167760968208313,-0.31862393021583557,-2.0148046016693115,-1.032485842704773,0.06365522742271423,-1.0217660665512085,-1.087250828742981,-0.3678910732269287,0.713367760181427,0.8606285452842712,0.4093143343925476,-0.045657768845558167,-0.8598207831382751,-0.2129945158958435,1.0632356405258179,0.015310787595808506,1.32101309299469,-0.4861151874065399,1.2725555896759033,0.40859082341194153,0.2385418862104416,-0.14197877049446106,0.6825067400932312,0.4612829089164734,0.5022718906402588,2.079343318939209,0.5562426447868347,0.9453372359275818
weights btw layer4 to layer5,-0.6935149431228638,0.2370724231004715,1.028218150138855,-0.1517389863729477,0.5893339514732361,0.7025878429412842,0.5431753993034363,0.09201917797327042,0.5094216465950012,-1.5144634246826172,-0.20156340301036835,-0.6195460557937622,0.1820332556962967,-0.023153776302933693,-0.24108166992664337,-0.04487607255578041,1.7476484775543213,-1.570410966873169,-0.36922553181648254,-0.22047246992588043,-0.7245743870735168,0.8376829624176025,-0.5469305515289307,-1.0925966501235962,0.05359741300344467,-0.3266444504261017,-0.2408067137002945,-0.4116984009742737
weights btw layer4 to layer5,2.374199390411377,0.022463591769337654,0.05503710359334946,0.5479945540428162,2.2317893505096436,1.7197595834732056,0.82705157995224,-0.8220460414886475,0.026495931670069695,0.9266614317893982,-0.48781853914260864,0.07972925901412964,-0.22768959403038025,0.32222670316696167,-0.40716859698295593,-0.12648649513721466,-1.0193827152252197,-0.7842993140220642,0.8140257000923157,-0.9279278516769409,-0.1298673003911972,-0.5585137605667114,1.82808256149292,-0.4165214002132416,0.1940324604511261,0.500813364982605,1.4941526651382446,0.08891528099775314
weights btw layer4 to layer5,-0.49909305572509766,1.0101836919784546,1.0372875928878784,-0.4435623586177826,1.087099313735962,0.8597919344902039,-0.8783307075500488,0.9197115302085876,0.5142048001289368,-0.05493052303791046,0.791601836681366,1.7242730855941772,2.2357735633850098,0.677210807800293,0.5388283729553223,-2.556246519088745,-1.244927167892456,-0.745297372341156,0.6346340179443359,-0.8496710062026978,0.4885949194431305,-0.28145864605903625,1.2167155742645264,0.8967987895011902,-0.8553165197372437,-0.838599681854248,-0.4574689269065857,-0.47068578004837036
weights btw layer4 to layer5,-1.7734534740447998,0.07659824937582016,0.6193585991859436,-1.244422435760498,-0.1899765282869339,-0.21336892247200012,-0.3052227199077606,-0.17128774523735046,0.8682859539985657,0.9940493106842041,-1.8780241012573242,-0.3423757255077362,-1.0219982862472534,-1.9789904356002808,0.565099835395813,-0.28257879614830017,-1.6985881328582764,0.6762226819992065,0.07772976905107498,-0.22259201109409332,2.5267493724823,-0.35802018642425537,-0.09222635626792908,-0.4352782070636749,1.6471420526504517,0.21496573090553284,-0.274496465921402,-0.9140791893005371
weights btw layer4 to layer5,0.5065704584121704,-0.3173277974128723,0.4476657807826996,-1.0003995895385742,1.0435636043548584,0.6797776818275452,-0.9942883849143982,1.4241701364517212,-1.6736279726028442,1.1284410953521729,-1.357471227645874,0.3727988600730896,-1.4965802431106567,0.01743156649172306,-0.20825138688087463,0.3442775309085846,2.231826066970825,-1.333414912223816,-1.0730657577514648,-0.08987008780241013,-2.0785484313964844,0.24397392570972443,0.8702627420425415,-0.495659202337265,0.6390646696090698,2.2076315879821777,0.3789485991001129,0.2704050540924072
weights btw layer4 to layer5,0.6265514492988586,-0.06674271821975708,1.731162667274475,-1.5877724885940552,-1.1762114763259888,2.248548746109009,0.2500527501106262,1.1429730653762817,-0.1645122617483139,1.7904943227767944,0.10338302701711655,-0.4028664529323578,0.10096597671508789,-0.5173036456108093,-0.12519292533397675,1.3458830118179321,1.3708958625793457,-0.546887218952179,-0.4788353741168976,-0.8079984784126282,-0.33659613132476807,0.20243334770202637,0.3388115167617798,0.061645831912755966,0.24135325849056244,-2.027881383895874,-1.65610671043396,0.8487950563430786
weights btw layer4 to layer5,0.5553744435310364,-0.3510441184043884,0.7178037762641907,1.7714667320251465,-1.3348019123077393,-0.01843765564262867,0.294040709733963,-0.24574391543865204,0.3856368362903595,-2.2488222122192383,0.4660041928291321,-0.3266006112098694,0.5511456727981567,-1.213575839996338,-1.2064282894134521,-0.4209694564342499,0.2372385710477829,2.010982036590576,-0.9229790568351746,0.7854635715484619,-1.802571415901184,1.2731291055679321,-0.22328415513038635,-0.6926422715187073,0.9522590637207031,0.3218117356300354,0.5978331565856934,-0.28042879700660706
weights btw layer4 to layer5,-0.15621134638786316,2.2390246391296387,-0.21333426237106323,-0.11081967502832413,-2.516252040863037,-1.0365009307861328,0.4271719753742218,-0.865317702293396,0.7895950078964233,-0.22381438314914703,0.21854035556316376,1.9188475608825684,0.14532147347927094,-0.20639967918395996,0.3512524366378784,-1.5742549896240234,1.0427899360656738,0.45937809348106384,1.1075866222381592,-0.4603300094604492,0.31797099113464355,-1.0576280355453491,-0.18389581143856049,-1.022754192352295,0.7798754572868347,0.27739593386650085,-0.33083975315093994,-0.8147898316383362
weights btw layer4 to layer5,-0.09660740196704865,-2.4368717670440674,0.5615068078041077,0.4684736132621765,-0.5990383625030518,1.3974663019180298,-0.026227761059999466,-1.6671768426895142,1.1102726459503174,-1.8110929727554321,-1.6699938774108887,1.7026174068450928,-0.10719216614961624,0.5265700817108154,-0.754256010055542,1.2303667068481445,1.3373854160308838,-0.5608760714530945,0.1889794021844864,1.6330491304397583,1.820892095565796,-0.057170867919921875,0.8757572174072266,-2.1628944873809814,1.0588970184326172,0.6489863395690918,1.4466279745101929,-0.18824297189712524
weights btw layer4 to layer5,0.43255317211151123,-0.8992888331413269,-0.3045872151851654,-0.1714801788330078,1.2727097272872925,0.9661668539047241,0.1768178790807724,-1.8620716333389282,-0.13059253990650177,0.6626262664794922,0.8803816437721252,-0.4662618339061737,0.3487064242362976,-1.8789265155792236,-1.5611494779586792,0.37076643109321594,1.3657935857772827,-0.6303136944770813,0.39419156312942505,-0.7492647767066956,-0.02675636298954487,0.009167222306132317,0.8594356775283813,0.21057109534740448,-1.1135741472244263,-0.8018085956573486,1.4453752040863037,-0.06395406275987625
weights btw layer4 to layer5,-0.8934667706489563,0.04582975059747696,-0.9600785970687866,0.028066061437129974,0.5703991055488586,0.8916027545928955,-0.8446472883224487,-0.8975203633308411,-0.5138793587684631,1.8693431615829468,-2.008340358734131,1.008165955543518,-0.842390239238739,-0.3456437885761261,0.05986877158284187,0.6806245446205139,-0.7517802715301514,-1.5868101119995117,0.5991400480270386,-0.1807500571012497,0.42129313945770264,0.634768545627594,0.9751695394515991,0.6939306259155273,-0.7820029258728027,0.007176781538873911,0.5599706172943115,0.44578731060028076
weights btw layer5 to layer6,-0.6453235745429993,0.6210328340530396,2.32834792137146,-0.16039204597473145,-0.4214034378528595,0.5193971395492554,1.1485373973846436,-1.5670840740203857,0.23184172809123993,-1.3929944038391113,-0.7235668897628784,0.030774012207984924,0.3344276547431946,1.0395559072494507,0.2763898968696594,1.5614758729934692,-1.0540441274642944,1.02472984790802,0.6245296001434326,-2.7989659309387207,-0.46352556347846985,-0.10370375216007233,-0.03179505839943886,0.08428708463907242,0.8301875591278076,0.11242160201072693,0.2514505088329315,1.5587141513824463
weights btw layer5 to layer6,-1.081225872039795,-0.710542619228363,0.225774347782135,-0.8118826150894165,-2.0739519596099854,0.8812736868858337,3.03764271736145,-1.3284183740615845,-0.10509023815393448,-0.30474090576171875,-1.328832983970642,-0.21492896974086761,1.0297757387161255,-1.3203116655349731,-0.9895498752593994,1.4928267002105713,0.5061277151107788,-1.4496997594833374,-0.47642838954925537,0.2824004292488098,-0.10858796536922455,0.8895473480224609,0.5372481942176819,0.8550446033477783,0.21511210501194,1.5950032472610474,0.09889978170394897,0.006561273708939552
weights btw layer5 to layer6,0.4891270697116852,-0.8749639391899109,-1.725153923034668,0.6281312108039856,-1.0017448663711548,-0.40977397561073303,0.9313161373138428,-0.22742001712322235,1.5181001424789429,0.9822373390197754,-0.8701019287109375,0.49914777278900146,-1.8984023332595825,1.7653703689575195,0.013075845316052437,-0.7643945217132568,-0.46529242396354675,-0.26813656091690063,-1.857936143875122,0.8951017260551453,-0.5746736526489258,-0.18200954794883728,-0.8056652545928955,0.6369000673294067,0.08518567681312561,-0.5778868198394775,1.0241949558258057,-0.0037113113794475794
weights btw layer5 to layer6,0.5154694318771362,0.4313262403011322,-0.7748947143554688,0.8478175401687622,0.03997587785124779,0.07684348523616791,-0.5356296896934509,1.3656936883926392,0.8576189875602722,0.8154535889625549,0.3497318923473358,-0.9883133769035339,0.32011398673057556,-0.06650588661432266,1.6480345726013184,-0.37684881687164307,2.891531229019165,0.19894391298294067,0.6225609183311462,-1.771174430847168,-1.193138599395752,1.4549884796142578,0.5864593386650085,0.19290059804916382,-1.593449592590332,0.16287310421466827,-0.4615499973297119,0.40468868613243103
weights btw layer5 to layer6,1.076073408126831,-0.3151850700378418,-0.08679965138435364,-0.4746122658252716,-0.5415265560150146,-0.5817787051200867,1.682319164276123,-1.0032296180725098,0.795965850353241,0.10881295055150986,0.8047745227813721,-0.06841474771499634,-1.124955415725708,0.02017868123948574,1.8934874534606934,-0.3631232976913452,-2.150858163833618,-1.8721144199371338,0.295640766620636,0.6953198909759521,0.7421706318855286,0.6220787763595581,2.2905209064483643,0.04451339319348335,-0.09321993589401245,0.39710718393325806,1.6446621417999268,-0.5300067663192749
weights btw layer5 to layer6,-0.21675683557987213,-0.267752468585968,-0.2665517032146454,-0.022118346765637398,0.5115837454795837,0.23155921697616577,-1.763116478919983,0.4537387490272522,-0.48714935779571533,-1.9764900207519531,0.9183577299118042,-2.248654365539551,-0.7054919004440308,-0.860447883605957,-1.6351265907287598,0.0027487915940582752,1.0676263570785522,-0.1203075423836708,-0.6094444990158081,-0.518120527267456,0.6042147874832153,0.24176232516765594,1.3614345788955688,-0.5911571383476257,-0.37518367171287537,-0.34866371750831604,-0.48334452509880066,0.5827950239181519
weights btw layer5 to layer6,-0.47815176844596863,-2.2153236865997314,0.8220295310020447,0.8200569748878479,-0.4885994791984558,-0.7165511846542358,-0.6923442482948303,-0.5785050392150879,-0.4712841510772705,-1.025704026222229,0.10218740999698639,-2.7934017181396484,0.2707381546497345,0.6332937479019165,-0.5626203417778015,0.2626531422138214,-0.35996371507644653,-1.9872217178344727,0.07142803817987442,-0.6754440069198608,1.6607459783554077,-0.83635014295578,-1.4833213090896606,0.030954333022236824,0.905493438243866,0.12059982866048813,0.0873730331659317,-0.49771788716316223
weights btw layer5 to layer6,0.3432696759700775,-1.7484486103057861,0.30829501152038574,1.066011905670166,0.38559314608573914,-0.12092399597167969,0.36993607878685,0.3517783284187317,2.427604913711548,0.7718601822853088,1.5416582822799683,2.012357234954834,1.8946001529693604,-1.0566149950027466,0.9422987699508667,-0.7319673895835876,1.7121758460998535,-1.1391595602035522,0.7868488430976868,0.19176141917705536,0.6019651293754578,-0.38776975870132446,0.7552698254585266,-0.9045383930206299,-0.3653234839439392,0.7327888607978821,0.3970857560634613,0.7214897274971008
weights btw layer5 to layer6,0.867499828338623,0.8684906959533691,0.36002317070961,-0.11658080667257309,0.522285521030426,-1.8521724939346313,0.0629960373044014,-0.6388337016105652,0.3118749260902405,-1.8000996112823486,1.0945409536361694,-1.4371148347854614,0.305316299200058,1.2627774477005005,-0.32251009345054626,-0.4862881302833557,-1.1466193199157715,1.331663727760315,-0.600081741809845,-0.9075680375099182,-0.05164279043674469,-0.018229784443974495,-0.880313515663147,-0.5247576832771301,0.9015486240386963,0.11378902196884155,-0.917133092880249,-0.24905139207839966
weights btw layer5 to layer6,-0.8944474458694458,-0.6879908442497253,1.1418190002441406,0.7482768297195435,-1.1531181335449219,-0.9328272938728333,1.0272551774978638,0.40271472930908203,0.8177610039710999,-0.49549156427383423,0.33043816685676575,-1.0569499731063843,0.6005563139915466,-0.013688030652701855,1.155063509941101,-0.16216857731342316,0.3515194058418274,0.3746488392353058,-0.7322430610656738,0.3894195854663849,-0.49917274713516235,-0.15567700564861298,-0.8584859371185303,-0.12499687820672989,0.40060117840766907,-0.9225740432739258,1.3416846990585327,-0.01444037165492773
weights btw layer5 to layer6,0.6013887524604797,0.25640836358070374,-1.9797155857086182,-0.5257309675216675,-0.10574010759592056,-0.9428637623786926,-0.2644379138946533,-1.0709335803985596,0.6359978318214417,-0.6624118089675903,1.6795705556869507,0.2916055917739868,0.006993536371737719,-1.21463942527771,-0.910369336605072,-0.004129402805119753,-0.6342938542366028,-0.3493085503578186,-0.9550492167472839,-0.2357785999774933,1.5389628410339355,-0.18693716824054718,1.1758055686950684,-0.661807656288147,1.0596574544906616,1.3825225830078125,-2.952831983566284,0.19153989851474762
weights btw layer5 to layer6,0.2407635748386383,-0.06331045925617218,-0.16017015278339386,0.6093178391456604,-1.7688186168670654,0.3937295377254486,-0.0036955291870981455,0.025190798565745354,0.9922260046005249,0.37991613149642944,-0.4997725784778595,0.7144607305526733,0.3987663984298706,-0.841383159160614,-1.3933485746383667,-0.1013067215681076,1.0996320247650146,-0.1829502433538437,-0.3647403419017792,0.9045981168746948,-0.45120397210121155,-0.7569229602813721,0.26046788692474365,-1.5829944610595703,0.9579188823699951,2.019787311553955,1.3115601539611816,-0.3422136604785919
weights btw layer5 to layer6,-0.4650503098964691,0.558201253414154,1.9567755460739136,-1.5250107049942017,-0.46232783794403076,0.009395632892847061,-2.293617010116577,0.15736547112464905,-0.46427273750305176,1.6010831594467163,-0.6993476748466492,-1.869270920753479,1.8212848901748657,0.6375765204429626,-0.8481651544570923,-0.366338312625885,-1.68580162525177,0.8445596694946289,0.7553077340126038,-2.8636701107025146,0.13893501460552216,-0.6070916652679443,0.7009326219558716,1.2373250722885132,-0.867757260799408,0.3049299716949463,0.27732595801353455,0.08802032470703125
weights btw layer5 to layer6,-0.5461095571517944,0.6353380084037781,-0.13482022285461426,1.5826548337936401,0.05491674318909645,-0.9137535691261292,-1.42733895778656,1.682935118675232,0.8235059976577759,0.36627548933029175,0.2177174985408783,-0.0711958035826683,-0.8850590586662292,-1.026944875717163,0.2866378724575043,-0.5567425489425659,1.2393784523010254,1.3369909524917603,-0.9285180568695068,-0.02094391919672489,0.7732064127922058,0.13697491586208344,-0.10781016945838928,-0.8501553535461426,-0.2755748927593231,-1.0964864492416382,1.3496155738830566,0.4265095889568329
weights btw layer5 to layer6,0.8640560507774353,1.3285878896713257,-0.127731055021286,-2.0977871417999268,-0.3136122524738312,-0.4444073736667633,0.5971113443374634,1.1805909872055054,1.7376601696014404,-0.43266749382019043,0.5253211855888367,0.5116145014762878,-0.5761067867279053,-0.8074070811271667,0.9738330841064453,0.3309422433376312,0.418706476688385,-1.0625367164611816,0.13849057257175446,-0.09136596322059631,0.7058492302894592,0.7543843984603882,-0.15390200912952423,-0.8309085369110107,0.7315681576728821,-1.7695286273956299,0.29845136404037476,1.6393542289733887
weights btw layer5 to layer6,1.559980869293213,1.8789836168289185,0.1100710853934288,0.803670346736908,0.3333252966403961,1.032529354095459,-0.5675725936889648,0.7889084219932556,0.9938557147979736,0.9008761644363403,-0.13486826419830322,2.0218303203582764,-0.13010846078395844,-1.348222017288208,0.2691197395324707,2.0067458152770996,1.3215553760528564,1.7701060771942139,-1.368242859840393,-1.3993717432022095,-0.7309288382530212,0.5428822040557861,1.3451404571533203,0.3599745035171509,0.08727740496397018,-0.7490484714508057,1.981920599937439,0.17714987695217133
weights btw layer5 to layer6,0.2783118486404419,1.4855772256851196,-0.020031902939081192,-1.4901150465011597,0.15663641691207886,-1.3930776119232178,-1.2353988885879517,-0.7514684796333313,0.6101190447807312,1.7675681114196777,-0.27138063311576843,-0.25242939591407776,-0.6052874326705933,-0.1494968831539154,-0.7401682138442993,-0.3739124536514282,-0.8948203325271606,0.47666481137275696,2.336364269256592,-0.5184549689292908,-0.31646230816841125,0.33089500665664673,-0.6094595789909363,1.2804545164108276,0.3333907127380371,0.25445738434791565,0.6391987800598145,-1.504942774772644
weights btw layer5 to layer6,0.3504784405231476,0.9954919815063477,0.8376060724258423,-1.0866645574569702,-0.9216946959495544,0.6059703826904297,-0.32326486706733704,-1.3348709344863892,-1.0370242595672607,0.017700426280498505,1.341506004333496,-0.5736689567565918,0.22237813472747803,0.6269866824150085,0.34197261929512024,-0.5036478638648987,-0.7629877924919128,0.6570641398429871,-1.0229923725128174,-0.058294251561164856,-1.6363420486450195,0.30218154191970825,-1.7774341106414795,0.7509434223175049,-0.002214266685768962,0.2657381296157837,2.3736016750335693,-0.3391478657722473
weights btw layer5 to layer6,-1.4138669967651367,-0.39173176884651184,-1.0394309759140015,0.27492353320121765,0.2830022871494293,-1.0498367547988892,-1.2222869396209717,-0.24399511516094208,-1.4082276821136475,0.09531721472740173,-0.25861912965774536,-1.5710029602050781,-3.0521833896636963,0.2955015003681183,0.27709999680519104,-0.7808336019515991,0.13497431576251984,0.6963031888008118,-0.12855759263038635,0.3937852680683136,1.0523631572723389,0.5309823155403137,-0.5544198155403137,1.8451433181762695,0.41920191049575806,0.887565016746521,-0.579855740070343,-0.4921261668205261
weights btw layer5 to layer6,0.30328938364982605,-0.05726638063788414,1.2969589233398438,-0.40860021114349365,-0.9205663800239563,0.7104130387306213,0.8334656953811646,0.8162383437156677,0.14580616354942322,-0.6550415754318237,-0.8811440467834473,-0.869484543800354,-0.7447589039802551,-1.5989673137664795,0.26053670048713684,1.6774485111236572,-0.9020814895629883,-0.3777984380722046,-0.6897885203361511,-0.4558279812335968,0.7568707466125488,0.8230153322219849,-0.6716851592063904,1.1429836750030518,1.5831931829452515,-1.8536441326141357,0.7674993276596069,-1.4194159507751465
weights btw layer5 to layer6,-0.30212166905403137,-1.2617506980895996,-0.4002021253108978,0.21875563263893127,0.49193689227104187,0.3370606303215027,0.03835795819759369,0.15181809663772583,-1.9003722667694092,0.8728206753730774,1.6253573894500732,-0.5514850616455078,0.4742996394634247,0.4429069459438324,-0.6991295218467712,-1.5428308248519897,-0.6401521563529968,-0.6678635478019714,-1.5193853378295898,-1.5676679611206055,1.2553473711013794,-0.7529200315475464,-1.0138828754425049,-0.1752084642648697,-0.46077534556388855,1.2095578908920288,1.6518064737319946,-1.5676525831222534
weights btw layer5 to layer6,1.0768123865127563,0.5123758912086487,0.022365357726812363,-0.937178373336792,-0.9580619931221008,-0.3503672480583191,0.4333682954311371,-1.1548508405685425,-1.626792073249817,-1.4375430345535278,-0.15990419685840607,-2.2050371170043945,-0.4576829969882965,-2.441995620727539,-1.195952296257019,-0.12108904868364334,-0.12818345427513123,0.7911211252212524,0.03750074282288551,1.6665408611297607,-0.6376630663871765,1.608312726020813,1.1231049299240112,-0.3753289580345154,0.23448069393634796,1.405452013015747,-0.03727194666862488,1.2304950952529907
weights btw layer5 to layer6,-0.7259981632232666,0.7286452054977417,0.35604849457740784,-1.3733010292053223,-1.1260789632797241,-0.3782164454460144,-0.3545282781124115,-1.048099398612976,-0.778784453868866,-1.0524606704711914,-0.49769309163093567,-0.2560062110424042,0.7411468625068665,0.3267238736152649,0.6662410497665405,0.06355776637792587,-0.18445482850074768,0.5458347201347351,0.8506890535354614,0.11163375526666641,-1.5211488008499146,1.6350131034851074,-0.766532838344574,-0.630542516708374,0.08193159848451614,-0.07491517812013626,2.742999315261841,1.3824793100357056
weights btw layer5 to layer6,0.5997413992881775,0.5040225982666016,-0.3250308930873871,-0.9676379561424255,-1.2948201894760132,-0.06876236200332642,-1.3697272539138794,0.023332800716161728,0.20862776041030884,0.5452768206596375,-0.7958490252494812,-2.3011538982391357,-0.19385133683681488,-0.5834009647369385,-0.7296047806739807,0.14310911297798157,0.23110119998455048,1.30474054813385,-1.559759259223938,-0.846061646938324,-0.444704532623291,-0.7827455401420593,-0.6160080432891846,-0.6597287058830261,0.9279719591140747,-0.31156009435653687,-0.57602858543396,1.4029990434646606
weights btw layer5 to layer6,-1.035375714302063,0.20624816417694092,-0.05836937204003334,1.1415430307388306,0.6499097347259521,-0.7848408222198486,-0.3388873338699341,0.42015746235847473,2.1336095333099365,0.46804556250572205,1.127765417098999,0.1705159842967987,1.5529738664627075,-1.7346775531768799,0.004332190379500389,-1.173701286315918,-0.009431352838873863,-0.8157525062561035,-0.6993817090988159,-0.09714329242706299,-0.8380399942398071,-1.0555778741836548,-0.7992735505104065,-0.8438578248023987,-3.8178558349609375,-0.8050689101219177,-1.000431776046753,-0.4480179250240326
weights btw layer5 to layer6,-0.2528548836708069,1.4230536222457886,0.3354397118091583,0.3883187174797058,-0.29577237367630005,-0.35137155652046204,-0.707058310508728,0.9348498582839966,0.014585975557565689,0.5612216591835022,1.4405815601348877,1.3308911323547363,-2.971306800842285,-0.8864881992340088,-1.3933148384094238,0.09099012613296509,-0.790611982345581,0.2277172952890396,0.10693027079105377,-1.5908175706863403,-0.19272677600383759,-0.17782121896743774,0.6497560739517212,0.7785402536392212,-0.9073317050933838,0.6270166039466858,-1.1671631336212158,0.6653154492378235
weights btw layer5 to layer6,0.43866226077079773,1.3247289657592773,0.5608415603637695,-0.2953600585460663,-0.6639389991760254,1.3780802488327026,0.5499323606491089,-0.30830636620521545,-0.6764938831329346,1.2530889511108398,-1.3100333213806152,-0.839724600315094,-0.27639254927635193,-0.7270662188529968,0.4044189751148224,0.09436911344528198,0.8436414003372192,-0.013471798971295357,0.28592291474342346,0.8369207382202148,-0.445160448551178,-0.5645186305046082,0.8022297620773315,-0.3338344991207123,-0.4985499978065491,1.3186513185501099,1.628429889678955,1.5139764547348022
weights btw layer5 to layer6,-0.14408348500728607,1.4989787340164185,-0.6539538502693176,-0.13466963171958923,1.4250612258911133,0.2512499690055847,0.09725696593523026,-0.8165388703346252,-0.688520610332489,0.10435061901807785,-0.17514848709106445,-0.6968985795974731,-1.244974970817566,0.7465776801109314,-1.60783052444458,-1.039703130722046,0.7353920340538025,0.8636670708656311,1.6509824991226196,2.1924595832824707,0.09245121479034424,-0.6734839081764221,-0.7417396306991577,0.025796910747885704,0.6080191135406494,0.22949376702308655,-0.37846487760543823,0.7735286951065063
weights btw layer6 to layer7,-2.0257279872894287,-0.1788121610879898,0.7209815979003906,-1.2617634534835815
weights btw layer6 to layer7,0.7596543431282043,0.5556890964508057,-0.06479241698980331,0.011759569868445396
weights btw layer6 to layer7,-0.8132664561271667,0.8225674033164978,-1.1615302562713623,-0.2513444721698761
weights btw layer6 to layer7,-2.1659183502197266,2.2014901638031006,0.6967583894729614,1.1563032865524292
weights btw layer6 to layer7,-0.2499389946460724,-0.23272259533405304,0.31536024808883667,0.5561922788619995
weights btw layer6 to layer7,2.2144880294799805,0.11234226077795029,-1.454546570777893,-0.758447527885437
weights btw layer6 to layer7,0.031719133257865906,-0.27804210782051086,0.7157900333404541,-0.9182884097099304
weights btw layer6 to layer7,0.7122936844825745,-0.052695758640766144,0.2127169817686081,-0.3035081923007965
weights btw layer6 to layer7,0.3125120997428894,-0.5915026068687439,-0.6812868118286133,0.09681417793035507
weights btw layer6 to layer7,-0.6175680756568909,0.6849544644355774,0.23578514158725739,1.6539851427078247
weights btw layer6 to layer7,0.01990465633571148,-0.1410447061061859,0.22066238522529602,1.0692639350891113
weights btw layer6 to layer7,1.0656993389129639,-0.7591891288757324,-0.9516690373420715,-1.1747446060180664
weights btw layer6 to layer7,0.5539517402648926,-0.6430047154426575,0.5649111270904541,-0.11369151622056961
weights btw layer6 to layer7,-1.1412001848220825,-1.3994804620742798,-0.4531557261943817,1.5696241855621338
weights btw layer6 to layer7,0.7524545192718506,0.8833187818527222,-0.8442361950874329,-0.21596631407737732
weights btw layer6 to layer7,0.43689629435539246,-0.07107755541801453,-1.9737827777862549,-0.43794992566108704
weights btw layer6 to layer7,-1.1967729330062866,0.10594740509986877,0.4072718024253845,0.34856367111206055
weights btw layer6 to layer7,-0.3393864631652832,1.0775738954544067,0.23644044995307922,-0.29811757802963257
weights btw layer6 to layer7,0.3165428936481476,0.08262822031974792,0.6980960965156555,1.413696050643921
weights btw layer6 to layer7,1.4758449792861938,-1.1450003385543823,0.6536823511123657,-0.13499461114406586
weights btw layer6 to layer7,-0.7786245942115784,-0.6438721418380737,0.655177652835846,-0.14408309757709503
weights btw layer6 to layer7,1.6022913455963135,-0.3259701132774353,0.21491776406764984,1.9183326959609985
weights btw layer6 to layer7,1.1324776411056519,-0.4734402000904083,0.10680744051933289,-0.3874185085296631
weights btw layer6 to layer7,-0.3637942969799042,-0.6321535110473633,0.124580517411232,-0.7896261215209961
weights btw layer6 to layer7,-1.8244853019714355,0.5936377048492432,1.6079025268554688,1.193833351135254
weights btw layer6 to layer7,-0.15143141150474548,-0.09024015814065933,0.7933175563812256,-0.8594862818717957
weights btw layer6 to layer7,-1.486263632774353,-2.014472007751465,0.8194887638092041,-0.2768593728542328
weights btw layer6 to layer7,2.015007495880127,-0.5788384079933167,0.6648419499397278,-0.4655526280403137
