weights btw layer0 to layer1,1.0620254278182983,-0.3824625611305237,-0.2332567423582077,-0.5053232908248901,0.68296879529953,-0.015547683462500572,0.014268510043621063,0.03184128925204277,0.5205939412117004,-1.7583359479904175,0.46982237696647644,1.208268642425537,-0.956596851348877,-0.1503794640302658,-0.7301329970359802,0.45652875304222107,0.7877886891365051,1.661024808883667,1.298252820968628,-0.5177429914474487,0.29964885115623474,1.5771234035491943,-0.3861812949180603,0.9231565594673157,0.24453836679458618,-0.7931421399116516,-0.5470454096794128,-0.14957629144191742
weights btw layer0 to layer1,-0.47673535346984863,-0.09782946109771729,-1.5700609683990479,-1.6029109954833984,0.3505190312862396,-0.8586614727973938,0.6937810778617859,0.020317351445555687,-0.28019005060195923,-0.5196075439453125,0.9205349683761597,0.5071037411689758,0.257661908864975,1.9897960424423218,1.0560721158981323,2.0335052013397217,2.5471856594085693,0.8126921057701111,-0.6823107600212097,-1.3200602531433105,0.30416104197502136,0.39813607931137085,0.5796722173690796,-1.0668494701385498,0.6425958871841431,-0.18787157535552979,-1.9555176496505737,-1.8619797229766846
weights btw layer0 to layer1,0.015915319323539734,-2.3518154621124268,2.5317883491516113,2.9461863040924072,-0.19538351893424988,-0.5079936981201172,-0.7306572198867798,0.6085625290870667,0.5190759897232056,0.11687313765287399,-0.522111177444458,-0.33878493309020996,1.8175840377807617,-0.4094727635383606,-0.5629022717475891,-0.5982440710067749,-0.17733252048492432,-0.8419245481491089,-0.002015837701037526,0.51363205909729,-1.358304738998413,0.07614263147115707,-1.274991750717163,-0.13837145268917084,1.1354302167892456,2.0502655506134033,-0.14145860075950623,-0.28022095561027527
weights btw layer0 to layer1,-0.8320018649101257,-1.723191261291504,-1.7281438112258911,0.37024348974227905,-0.34993669390678406,0.9415823221206665,-0.4278331696987152,-0.534879744052887,-0.360738605260849,0.1783832609653473,-0.8485057353973389,-0.336628794670105,-0.1071365624666214,2.463057041168213,1.1474473476409912,-1.9933887720108032,-0.7105410695075989,0.874086856842041,1.1852006912231445,-0.7160447835922241,-0.48003464937210083,-2.690075397491455,1.0054326057434082,-1.4106942415237427,0.2573218047618866,-1.3920502662658691,0.2277393788099289,0.33145269751548767
weights btw layer0 to layer1,-0.46046221256256104,0.20261946320533752,-0.9381300210952759,-1.6865297555923462,0.1000179797410965,-0.3878544569015503,0.0061171045526862144,-2.525115489959717,-0.007225769106298685,1.4289660453796387,-0.5247148275375366,-2.3801231384277344,0.03199341520667076,2.2814080715179443,-1.1286721229553223,0.4712369441986084,-0.5766091346740723,0.33263522386550903,-0.6803395748138428,0.5480099320411682,-1.2790035009384155,0.3809122145175934,-0.348990797996521,1.2761595249176025,2.13494610786438,-0.12558074295520782,0.36860474944114685,0.24699410796165466
weights btw layer0 to layer1,1.125622272491455,-0.24862875044345856,0.8775447010993958,0.5253994464874268,-0.09386790543794632,0.6805096864700317,0.9701423048973083,0.9365753531455994,-0.6182534098625183,0.7644559741020203,-0.22588248550891876,-1.5732659101486206,-1.33905827999115,-0.4830637276172638,-1.3634016513824463,0.518313467502594,-0.19411201775074005,1.4266175031661987,0.5616108775138855,-0.3362688422203064,0.221399188041687,-0.17550356686115265,1.9276230335235596,-0.8684403300285339,-0.7239812612533569,-0.7228837013244629,0.31710681319236755,-1.0936776399612427
weights btw layer0 to layer1,0.21718361973762512,-1.358836054801941,0.739617109298706,0.22744348645210266,-0.3764031231403351,-0.7896990776062012,1.9074428081512451,-0.5123526453971863,-1.8036493062973022,-0.47862544655799866,0.5141207575798035,-0.2576192021369934,-1.6376452445983887,-0.21174640953540802,1.0007996559143066,-0.05650243163108826,2.2885684967041016,-0.47016018629074097,-1.1327065229415894,-1.547432541847229,-2.3909199237823486,-0.28337618708610535,-0.6521772146224976,1.2512331008911133,-0.6087149977684021,0.7959198951721191,0.9316278696060181,-0.8501462936401367
weights btw layer0 to layer1,-0.7483713030815125,-0.8673305511474609,1.5333499908447266,-0.8143083453178406,1.0113130807876587,-1.4739075899124146,-0.3644676208496094,-0.9379622340202332,-0.2661532163619995,-0.2881517708301544,1.314797282218933,0.44645124673843384,0.052981384098529816,0.1337740272283554,2.174103021621704,1.461765170097351,1.0345690250396729,0.6373748183250427,0.6129646301269531,-0.29651886224746704,1.4851081371307373,1.234134554862976,-1.536341905593872,0.7921568751335144,-0.7139245867729187,-1.4096331596374512,-0.8120301961898804,0.48488911986351013
weights btw layer0 to layer1,-0.3915857672691345,-0.8146287202835083,0.2144082933664322,0.4321872293949127,0.3170926868915558,-0.6109899878501892,1.5213568210601807,-0.3061802089214325,0.0047747413627803326,-0.48289260268211365,-0.9659743309020996,-1.578323245048523,-0.2849659323692322,-0.10138669610023499,-0.6642141938209534,-1.359428882598877,-0.24018330872058868,-0.19712108373641968,0.6172484159469604,-0.681207001209259,0.29784098267555237,-1.1352423429489136,0.011311987414956093,1.7483872175216675,-1.2974934577941895,0.043567828834056854,-0.6995023488998413,0.35170844197273254
weights btw layer0 to layer1,1.0357223749160767,-1.2039003372192383,2.332566261291504,0.07970181852579117,1.042401671409607,-1.0197405815124512,-0.8920265436172485,1.1586430072784424,-1.6111615896224976,-0.5277276635169983,-0.38138484954833984,1.2528001070022583,0.8448122143745422,-0.86572265625,-1.5753298997879028,-1.8591217994689941,1.2137244939804077,-0.7662790417671204,0.4340907037258148,0.12845288217067719,1.3288941383361816,3.1232850551605225,-0.6880776286125183,0.16124510765075684,-2.4041588306427,1.0367258787155151,0.19498664140701294,-0.8276268839836121
weights btw layer0 to layer1,-0.5020896196365356,0.45894575119018555,2.051691770553589,0.8935941457748413,-1.895004153251648,-0.8357480764389038,1.567257285118103,-0.8209545612335205,-1.4835460186004639,-0.10541678220033646,-1.3136069774627686,-0.18989922106266022,1.0108510255813599,0.8134721517562866,-0.6565781235694885,0.4438227117061615,-1.4489963054656982,0.8693600296974182,0.10327713191509247,-0.05491460859775543,0.08437861502170563,-0.6560492515563965,-0.530084490776062,-0.9012802839279175,0.1547655314207077,-0.13902944326400757,0.08523008227348328,0.13397008180618286
weights btw layer0 to layer1,-0.8961482048034668,1.4676774740219116,-1.7467155456542969,0.033031437546014786,0.9226574897766113,-0.616795539855957,-0.5416432023048401,0.2727021872997284,0.6619167923927307,-0.45220187306404114,-0.7015069723129272,1.8330422639846802,1.3270288705825806,-1.7128814458847046,0.07742620259523392,-0.02424384467303753,-1.1583155393600464,-1.3334096670150757,-0.32716092467308044,0.25540268421173096,-1.3896089792251587,0.3385564088821411,-0.4906049966812134,-0.05969861149787903,2.372302532196045,-0.005336598493158817,-0.8662087321281433,-0.2469843029975891
weights btw layer0 to layer1,0.700925350189209,1.4865628480911255,0.8974717855453491,-0.09446419775485992,0.3284768760204315,-0.9214632511138916,1.9955931901931763,-0.406728595495224,-0.13648435473442078,-0.6289272904396057,-0.5103762745857239,-0.05259137973189354,-1.855993628501892,1.8539469242095947,0.5205931663513184,0.3159745931625366,0.39643922448158264,-0.5191254019737244,1.4762654304504395,-0.5580843091011047,0.4420888125896454,0.28183797001838684,-0.24462924897670746,2.7065393924713135,0.41732579469680786,0.46868646144866943,-0.5119591355323792,-1.0978080034255981
weights btw layer0 to layer1,0.8772915005683899,0.8667770028114319,-0.7319019436836243,2.27799916267395,1.1967902183532715,0.1752665787935257,-0.43005362153053284,-1.4053341150283813,-0.05146358162164688,0.18624347448349,0.8594121336936951,-0.6347827315330505,2.7218210697174072,-0.9505370855331421,1.4405155181884766,0.42286935448646545,1.2568752765655518,-1.7335530519485474,-0.19445836544036865,1.7049447298049927,2.179603338241577,0.26494255661964417,-0.6120561957359314,-0.7775687575340271,1.4223835468292236,0.5577333569526672,-1.1030659675598145,0.33631813526153564
weights btw layer1 to layer2,-1.8050376176834106,-1.1482757329940796,-0.668330192565918,-1.076018214225769,-0.9067265391349792,-1.2286815643310547,0.9402787089347839,-0.990401566028595,-0.5034703016281128,-0.9286764860153198,-0.24713528156280518,0.23473893105983734,-1.059340000152588,0.11501968652009964,0.14453823864459991,0.8781725764274597,0.2587454915046692,0.1786136031150818,2.3524410724639893,2.3466763496398926,-0.7029919028282166,0.6125141978263855,0.15430361032485962,0.7027285695075989,-0.7061921954154968,1.403399109840393,0.4013743996620178,-1.0159664154052734
weights btw layer1 to layer2,-1.1365234851837158,-0.3850580155849457,0.6011273860931396,1.1183258295059204,0.1271553635597229,1.0171822309494019,-0.6241843104362488,1.1046638488769531,2.1416049003601074,-1.986162781715393,0.13794486224651337,1.2500698566436768,0.6752034425735474,0.5217971801757812,1.3176097869873047,2.1492433547973633,0.9537982940673828,0.393297404050827,0.007186310365796089,0.024177178740501404,0.604121208190918,-1.0281715393066406,0.1591821014881134,-0.2423783838748932,-0.5932924151420593,0.18407906591892242,0.2930525839328766,-1.1115105152130127
weights btw layer1 to layer2,-1.6011768579483032,-0.2564297914505005,0.3883521556854248,-0.07243330776691437,-0.19223874807357788,0.6840604543685913,0.2826880216598511,-0.9035028219223022,-0.3892289102077484,1.1778658628463745,-0.6671103239059448,1.229494571685791,-0.8588321805000305,-1.6563684940338135,-0.31224116683006287,0.7697641849517822,0.12310124933719635,0.2868192791938782,-1.070669412612915,0.5486368536949158,-0.8846222758293152,1.9750574827194214,0.4214591681957245,0.46549540758132935,-2.083033323287964,-1.2726531028747559,-1.1523456573486328,-1.0238171815872192
weights btw layer1 to layer2,-1.1786695718765259,-1.9052402973175049,0.38795900344848633,0.5637161135673523,-1.6224075555801392,0.07824711501598358,0.7189311981201172,-1.8245396614074707,-1.2402465343475342,0.985038697719574,-0.06201763078570366,-0.7885357737541199,-0.1206815168261528,-0.13309000432491302,1.962149739265442,-1.7002782821655273,-0.6392866373062134,1.7790201902389526,-0.664128839969635,1.2340227365493774,-0.6141136288642883,-1.343234658241272,1.4788216352462769,0.31852906942367554,0.5311583280563354,-0.027386054396629333,-0.3776940405368805,-1.1081738471984863
weights btw layer1 to layer2,-0.41622141003608704,0.3060518205165863,-0.04970521107316017,-0.3246520161628723,-1.5868511199951172,0.19384773075580597,0.019812416285276413,0.3219141364097595,-0.4070465564727783,0.7868624329566956,-0.670226514339447,0.22166799008846283,-0.5998874306678772,1.6750812530517578,0.7488749623298645,-0.20943719148635864,0.5730637311935425,0.5659945607185364,0.7125941514968872,-0.8948984146118164,0.5681717395782471,-0.4631350040435791,-1.5789204835891724,-0.6540685296058655,-0.9066665172576904,-0.7039871215820312,1.658341646194458,-0.13678762316703796
weights btw layer1 to layer2,-1.1980071067810059,-0.8927508592605591,-1.3326072692871094,-0.45322516560554504,-0.29965198040008545,1.9080617427825928,0.8625060319900513,-1.7503156661987305,1.1470953226089478,0.22618426382541656,0.10513593256473541,-0.4476945102214813,1.0211069583892822,-0.42277970910072327,-0.3559911847114563,0.1388837844133377,0.9121528267860413,0.538866400718689,1.3474862575531006,-0.13483068346977234,0.3848835825920105,-0.3207598030567169,0.8182750344276428,1.0858118534088135,-0.1813865751028061,-0.011976496316492558,-0.050423718988895416,-0.2886466383934021
weights btw layer1 to layer2,0.005106326658278704,1.2257936000823975,-1.5568230152130127,-0.4726370573043823,1.3681631088256836,1.0408707857131958,-0.7476691007614136,-0.7187585830688477,-1.081515908241272,0.12178736925125122,1.403151035308838,-0.3589390516281128,-0.2835904061794281,1.870095133781433,0.5136931538581848,-0.0764525979757309,-1.5167649984359741,1.3968628644943237,0.22474607825279236,-0.5807687044143677,-2.081760883331299,-1.517615795135498,-0.11183866113424301,-0.3110359311103821,-0.001787820947356522,-0.6096658706665039,-0.62040114402771,-0.13329331576824188
weights btw layer1 to layer2,-1.975331425666809,-0.16287460923194885,1.8642666339874268,-0.03295116499066353,0.07693900167942047,-0.4228947162628174,2.0454885959625244,0.6779727339744568,-0.4259689748287201,-0.8107160925865173,-0.043432194739580154,1.8235197067260742,-2.7737457752227783,-0.5660763382911682,-0.44995591044425964,-0.38519445061683655,0.7411496639251709,0.7332761287689209,-0.43334272503852844,0.5374982953071594,-0.29872313141822815,-1.9257532358169556,-0.6511666774749756,0.33821314573287964,-0.24198170006275177,1.056026577949524,0.41826459765434265,-0.10494398325681686
weights btw layer1 to layer2,-0.4193865656852722,-0.3601198196411133,-1.367141842842102,0.5372866988182068,-1.0670063495635986,0.500916600227356,0.3733450174331665,-0.4866425693035126,-0.1723852902650833,1.4776537418365479,0.17634299397468567,0.10122544318437576,1.5553009510040283,-0.26642361283302307,-1.282365083694458,-0.8777095079421997,0.3955065608024597,-0.5631480813026428,0.590762734413147,0.6351556777954102,-1.0026861429214478,-0.5740202069282532,-0.4430677890777588,0.21592512726783752,0.378955215215683,-0.29843413829803467,0.06366688758134842,1.4607006311416626
weights btw layer1 to layer2,-0.20213733613491058,-1.2639696598052979,0.3545451760292053,-0.19032900035381317,1.1117925643920898,-1.4691096544265747,1.0352228879928589,0.06409528851509094,0.8099915981292725,1.0156657695770264,-0.5966322422027588,-0.7190946936607361,0.21991276741027832,1.4145567417144775,0.030611220747232437,-1.4837802648544312,0.5945902466773987,-1.6361263990402222,2.7671773433685303,-1.643913984298706,-0.23421353101730347,1.5780991315841675,0.7169056534767151,-0.7404058575630188,0.18168815970420837,0.28062400221824646,0.6716638803482056,0.18693138659000397
weights btw layer1 to layer2,0.06026796996593475,0.4110574424266815,-0.6915768980979919,-0.01858619973063469,1.0483206510543823,-0.6754393577575684,0.1939774602651596,-0.6560659408569336,0.16015523672103882,1.7447469234466553,-1.0491352081298828,0.10566981881856918,-1.0475295782089233,-0.5786556601524353,0.8869761824607849,0.8133615851402283,-1.3970216512680054,0.08280166983604431,1.7956116199493408,-0.40937742590904236,-0.054593753069639206,0.6571156978607178,0.43231403827667236,-1.4176239967346191,-1.7865464687347412,1.0344476699829102,-0.7322728037834167,-0.5655786395072937
weights btw layer1 to layer2,0.6328616738319397,-0.7377384305000305,-0.6245445013046265,0.09279743582010269,-0.4309060275554657,0.3220161199569702,-1.8225970268249512,1.5949022769927979,-1.3920153379440308,0.09307625144720078,-0.9136775732040405,-0.31814688444137573,0.6678933501243591,-0.03382666036486626,1.1066195964813232,-0.5928351283073425,1.064159631729126,1.5053856372833252,-0.30251431465148926,-0.22712916135787964,1.6649389266967773,0.5159730315208435,-0.8013129234313965,-0.13387621939182281,-0.8483841419219971,0.9819978475570679,0.9979979395866394,0.14381471276283264
weights btw layer1 to layer2,-1.9268006086349487,-0.500164270401001,0.41517114639282227,-0.2644803524017334,0.5305079221725464,-1.7512893676757812,0.40875115990638733,-0.1601375788450241,1.0430593490600586,-0.8702195286750793,1.3009653091430664,0.0334140807390213,0.31486910581588745,-0.3550373315811157,-0.5533297657966614,1.3097070455551147,1.163633942604065,1.0408042669296265,0.47745242714881897,1.1276353597640991,1.196630835533142,-0.20663776993751526,0.08506506681442261,-0.46276727318763733,0.38980168104171753,0.41898947954177856,-2.281118392944336,-1.8110634088516235
weights btw layer1 to layer2,-0.756097137928009,-0.7012553215026855,0.020546477288007736,1.3532049655914307,-0.179485023021698,-0.1762419044971466,-1.6587247848510742,-0.9634170532226562,-0.44071561098098755,-1.0212018489837646,0.7043148875236511,-0.3890047073364258,0.40647265315055847,2.0384361743927,0.7545925974845886,0.20756058394908905,-0.16822320222854614,1.4769197702407837,0.050281692296266556,0.43390366435050964,-0.41005897521972656,-1.873681664466858,0.04536423087120056,0.4589473009109497,0.23995521664619446,1.0476442575454712,0.2416229546070099,-0.8068875670433044
weights btw layer1 to layer2,-1.1917781829833984,-0.5008883476257324,0.6610487103462219,-0.440448522567749,0.4549972712993622,-2.577700614929199,0.33582955598831177,-1.0764198303222656,0.1842208206653595,1.6248576641082764,-0.25505754351615906,-1.2534266710281372,0.017922798171639442,-0.03023313730955124,-0.6174687743186951,-0.8714197278022766,-1.3602055311203003,0.6078894138336182,0.5855278372764587,-0.060791827738285065,-0.675353467464447,-1.2407736778259277,-0.2524494230747223,-0.7094798684120178,-0.3381003439426422,-0.6060649156570435,-0.1905253529548645,1.5277628898620605
weights btw layer1 to layer2,1.2624716758728027,0.5990781784057617,-0.5408375859260559,0.1466592401266098,1.5192378759384155,1.601169228553772,-0.2508191466331482,-1.1789116859436035,-1.4916272163391113,-0.5663004517555237,0.46908560395240784,-0.17784562706947327,-0.8557750582695007,0.41792410612106323,-0.5978440642356873,-0.454093337059021,1.0834976434707642,-0.3398658037185669,0.8187046647071838,-0.7025810480117798,0.7266396284103394,-1.1911247968673706,1.9259752035140991,-0.3352511525154114,-0.3837345540523529,1.3951014280319214,-1.0845104455947876,1.661970853805542
weights btw layer1 to layer2,-0.36755433678627014,1.815273642539978,0.14345911145210266,0.7178005576133728,-1.0955742597579956,0.29129618406295776,-0.3187851309776306,-0.40887248516082764,0.32120731472969055,0.38170483708381653,-0.17640630900859833,-0.6512511372566223,-0.21741615235805511,-0.41015365719795227,-1.7362098693847656,-1.0299886465072632,0.9314831495285034,0.3262527883052826,1.290212869644165,-0.9591019153594971,-0.09818492829799652,0.486235111951828,-0.4453250467777252,-0.26390540599823,-0.2216082066297531,-1.1968390941619873,2.019660234451294,3.17179799079895
weights btw layer1 to layer2,1.344706416130066,-0.1863500326871872,2.356642246246338,-0.9200649261474609,1.4820970296859741,-0.6874080300331116,1.1136343479156494,-0.9226605892181396,1.2365868091583252,1.7190139293670654,-1.070324182510376,1.4694743156433105,0.5372717380523682,1.921717643737793,0.16087211668491364,-1.0802290439605713,0.4803431034088135,-2.46404767036438,0.30274417996406555,1.096472144126892,1.6415760517120361,-2.1452677249908447,1.633971095085144,-1.4136128425598145,0.8067282438278198,0.353145033121109,-1.3631794452667236,0.33951932191848755
weights btw layer1 to layer2,0.7958229780197144,1.4072176218032837,-0.23155629634857178,-1.9377861022949219,-0.5562568306922913,0.09052256494760513,1.243263840675354,0.8307685256004333,0.8224046230316162,-0.5433456301689148,-0.9665380120277405,-0.5645002722740173,1.1404998302459717,1.3595013618469238,0.9833996891975403,1.5551187992095947,1.0811160802841187,1.3900336027145386,0.19128228724002838,0.5489586591720581,0.1177479550242424,-0.2511822283267975,-0.20195044577121735,-0.36600300669670105,-0.4510362446308136,0.6929450631141663,-0.9845401048660278,1.4409730434417725
weights btw layer1 to layer2,-1.4529683589935303,-0.10660859942436218,1.83189857006073,0.2528182566165924,0.09614504873752594,0.5677397847175598,-0.8100942373275757,0.2292909324169159,-0.13860507309436798,-1.5516480207443237,-0.25118178129196167,-0.5519412159919739,-0.5599992871284485,-0.050714872777462006,-0.6560595631599426,-0.47343796491622925,1.346719741821289,-0.6533021330833435,0.06770478188991547,-0.972744882106781,0.6173332333564758,-1.58112633228302,-0.752532958984375,-0.013660433702170849,-2.285067319869995,-0.8939542174339294,0.8585978746414185,-1.1904220581054688
weights btw layer1 to layer2,-1.2455304861068726,0.39012211561203003,0.39999404549598694,-0.27785396575927734,-0.5151658654212952,0.10776567459106445,-1.193359613418579,1.0819921493530273,1.1582144498825073,0.6329401731491089,2.394233465194702,-1.0805639028549194,-0.10996430367231369,-0.03544456884264946,1.6344248056411743,0.3164766728878021,-0.36640796065330505,-0.021211136132478714,1.5577646493911743,1.5740089416503906,-0.545583188533783,0.49411484599113464,-0.147308349609375,0.5125589370727539,-0.16578926146030426,-0.9580262899398804,-2.0816781520843506,-0.3411800265312195
weights btw layer1 to layer2,-1.550183653831482,-0.8286627531051636,0.6894915699958801,-0.7896671891212463,0.8003267645835876,-1.154567003250122,0.40923938155174255,-1.5478205680847168,0.8775148987770081,0.7872300744056702,0.37087884545326233,-1.435524582862854,-0.6116635203361511,0.19419704377651215,-1.2300595045089722,-0.28691616654396057,0.9412118792533875,0.9961827397346497,0.5577839612960815,-0.7217246890068054,-1.4158960580825806,-0.25803059339523315,1.7055096626281738,-0.08588872849941254,0.21902607381343842,0.04206765443086624,-1.6067907810211182,0.6104245781898499
weights btw layer1 to layer2,-0.2769760191440582,-0.18303696811199188,1.0583021640777588,0.13376182317733765,0.3601250946521759,-0.09722525626420975,-1.4062325954437256,0.5831820964813232,-0.638483464717865,0.028279012069106102,-0.574810266494751,-0.2150839865207672,-0.3646351099014282,0.1446605771780014,0.926173985004425,-0.9473839998245239,-1.0012571811676025,1.7785972356796265,0.2961205840110779,-1.0656545162200928,1.4179768562316895,2.2599892616271973,0.17942892014980316,-0.43627825379371643,0.5109366178512573,-0.7505736351013184,-0.9455970525741577,-0.4060857892036438
weights btw layer1 to layer2,-0.9130706191062927,-0.891248881816864,1.9100806713104248,-1.8733006715774536,-1.3642643690109253,-0.30189165472984314,-0.515605092048645,-0.14989963173866272,-0.7920781970024109,0.10005954653024673,0.30967891216278076,0.12287580966949463,-1.344182014465332,-0.3128754198551178,0.5704606771469116,-1.3977640867233276,-0.9629124999046326,0.567562997341156,0.05557866767048836,0.13043759763240814,1.572228193283081,0.3405718207359314,-0.2740180492401123,1.8880422115325928,-0.1152372881770134,-0.2581937909126282,-1.289620041847229,-2.020954132080078
weights btw layer1 to layer2,-0.9053400158882141,-0.13596683740615845,1.1250900030136108,0.20501376688480377,1.9442903995513916,0.6848610043525696,-3.037527084350586,-0.026746146380901337,0.3844330906867981,1.2492973804473877,-0.7917068600654602,-0.3361803889274597,-0.3175928294658661,1.2011975049972534,0.8524904251098633,0.17610085010528564,0.1934148073196411,0.31062790751457214,1.2088075876235962,0.355033814907074,0.6450740098953247,2.6690685749053955,-1.438338041305542,-2.942005157470703,1.2231401205062866,-0.07299940288066864,0.3314835727214813,1.831995964050293
weights btw layer1 to layer2,1.9247502088546753,0.14163224399089813,1.2613117694854736,0.6591780781745911,-0.09945575892925262,-1.1571569442749023,-0.8604786992073059,-0.4986649751663208,-0.5717145204544067,0.9321109056472778,1.0104093551635742,1.612953543663025,-1.7158972024917603,-0.6192592978477478,-1.4964268207550049,1.236586570739746,-0.14875851571559906,-1.0408040285110474,0.6694042682647705,1.3524715900421143,1.072665810585022,-0.1704278588294983,0.3626119792461395,-0.6538954377174377,-1.7033445835113525,0.40170276165008545,0.2982085645198822,-0.8264836072921753
weights btw layer1 to layer2,-0.6674662232398987,0.15274545550346375,-0.8887140154838562,-0.4483448565006256,-0.37152278423309326,1.1798570156097412,1.0466670989990234,0.6873623132705688,-0.047653742134571075,-0.4733920991420746,-0.533735990524292,2.861079692840576,0.719998836517334,-1.1240812540054321,0.4643382430076599,0.7786134481430054,0.41446805000305176,-0.0942244678735733,-0.44210657477378845,0.4099992513656616,1.2864373922348022,-0.2892596423625946,-1.0379128456115723,-1.0494805574417114,1.3387924432754517,-1.2265353202819824,0.5752466917037964,-0.1657436639070511
weights btw layer1 to layer2,1.3886016607284546,-1.021976351737976,-1.5030597448349,-0.22325141727924347,-0.7322932481765747,0.05956175923347473,0.36361801624298096,-0.6881171464920044,-1.478083848953247,-1.9457974433898926,1.4417487382888794,-0.9435245990753174,1.3091578483581543,1.383961796760559,-1.3488895893096924,-1.916053295135498,-0.17783436179161072,-0.3340194523334503,-0.01803402602672577,0.27248305082321167,-0.9302340745925903,0.2954365015029907,0.26073476672172546,-0.38992220163345337,-1.2709897756576538,0.23004038631916046,-0.34399285912513733,0.6322057843208313
weights btw layer2 to layer3,1.5551944971084595,-1.6339443922042847,-0.06315967440605164,0.3164592683315277,0.9575821161270142,1.1395469903945923,-0.28363436460494995,-0.5044367909431458,1.0319069623947144,-1.2471239566802979,0.29280322790145874,0.7383500337600708,-1.149095058441162,-1.2167811393737793,-1.0554121732711792,0.1695384532213211,0.5578465461730957,-1.3492201566696167,-0.04256496950984001,-0.45258399844169617,0.019518185406923294,0.5846014022827148,-0.34294360876083374,-2.5001823902130127,-0.4804128110408783,0.9464693665504456,-0.6567056775093079,0.09565658122301102
weights btw layer2 to layer3,0.20035165548324585,-0.26671329140663147,0.790106475353241,-0.94925457239151,0.20602752268314362,1.1761850118637085,0.6521182656288147,-0.661014199256897,-0.9159938097000122,-0.6815860867500305,0.6144372820854187,-1.7854373455047607,1.3646320104599,0.01020346861332655,-0.9877274036407471,0.47964924573898315,0.029353640973567963,0.8876218795776367,-0.43057456612586975,1.367201805114746,-2.3201849460601807,0.616639256477356,0.8872728943824768,0.44651487469673157,1.985848307609558,-0.2534602880477905,-1.5888302326202393,0.8114209175109863
weights btw layer2 to layer3,-0.44259878993034363,-0.13541969656944275,0.06450030952692032,-1.156675934791565,0.7069560289382935,1.8533308506011963,1.6075663566589355,0.7498006820678711,1.9979594945907593,-0.6555375456809998,0.6775678992271423,-0.7885764241218567,-0.9321063756942749,0.22220414876937866,-0.018484072759747505,0.02522422932088375,0.292235791683197,2.5326318740844727,-0.4950537383556366,0.872675359249115,2.1553657054901123,0.7656654119491577,0.6695690155029297,-0.8523702621459961,-1.3536204099655151,-1.0073598623275757,-0.08056502044200897,0.14682941138744354
weights btw layer2 to layer3,-0.457204133272171,1.619856595993042,1.2594712972640991,0.6673632264137268,-0.11633408814668655,-0.12352710962295532,-0.43628183007240295,0.04374716803431511,-1.4111056327819824,-0.0632067322731018,0.8534703850746155,-1.9051505327224731,-1.8199169635772705,-1.3997666835784912,0.48947614431381226,1.5543625354766846,-0.13980410993099213,-0.09699501842260361,1.7089167833328247,0.9909980297088623,0.9094964861869812,0.6494185924530029,0.8435126543045044,-0.993903398513794,1.3591989278793335,2.0522451400756836,-0.2025122046470642,-1.953679084777832
weights btw layer2 to layer3,0.08622055500745773,0.019009185954928398,-1.828759789466858,0.5345830917358398,-0.6883654594421387,0.2547014653682709,-0.5783495306968689,-1.2289468050003052,1.1793817281723022,-1.094882845878601,0.25555187463760376,0.9748718738555908,0.8843000531196594,-0.5674857497215271,0.4148545563220978,0.1755083203315735,0.6587319374084473,0.451989084482193,-0.9893444776535034,-0.23170535266399384,-1.4205873012542725,0.2167254388332367,-1.4150210618972778,-0.07669822126626968,0.7384746670722961,-0.8110986351966858,-0.49627813696861267,-0.16538149118423462
weights btw layer2 to layer3,-1.488858938217163,-0.5795641541481018,-0.624366819858551,-1.4714125394821167,-0.34713417291641235,1.1676859855651855,0.8878463506698608,0.5807228088378906,0.5150708556175232,-1.3971816301345825,-2.415104389190674,0.5344498157501221,-1.6976453065872192,-0.6388980150222778,0.8824964165687561,-0.17468039691448212,1.8699489831924438,0.8164469003677368,0.4041668176651001,1.0508928298950195,1.7195888757705688,-0.6998212933540344,-1.3134396076202393,0.9071534276008606,-0.8209732174873352,-0.8040499091148376,-1.3286545276641846,-0.14558187127113342
weights btw layer2 to layer3,-0.015745436772704124,-0.04046783223748207,-2.456242561340332,0.5526294112205505,0.009294943884015083,-0.5782880783081055,-0.5085458159446716,2.6607797145843506,-3.7872328758239746,0.33520567417144775,0.11881443113088608,-0.829716145992279,1.6376734972000122,-0.20712623000144958,-0.08232326805591583,-1.116789698600769,-1.0265693664550781,1.0373989343643188,-2.345224380493164,1.6673004627227783,-0.5377564430236816,-0.8388137221336365,-0.5802809596061707,0.5861557126045227,-0.044734835624694824,0.5027256011962891,0.6292062997817993,1.5865854024887085
weights btw layer2 to layer3,0.6745437383651733,-0.4845540523529053,-0.16564814746379852,0.5926336646080017,2.2979979515075684,-0.09493454545736313,-1.0109319686889648,0.5813537836074829,-0.30465301871299744,1.5613939762115479,1.1814199686050415,-0.8676241636276245,-1.2068612575531006,0.3877936005592346,0.7176686525344849,0.21613189578056335,1.3021302223205566,-0.44337835907936096,0.013801082968711853,-0.7032865881919861,0.878002941608429,-1.4432768821716309,0.3153766393661499,1.3499934673309326,0.3229595124721527,-0.5477977395057678,-1.806678295135498,0.5410047769546509
weights btw layer2 to layer3,0.25316163897514343,-1.8201504945755005,-0.50338214635849,0.3740196228027344,0.9742109775543213,-1.446352481842041,0.2827316224575043,-1.3763660192489624,1.7903910875320435,0.9601941704750061,-1.2579104900360107,-1.2964941263198853,0.25708192586898804,0.5916951894760132,0.33655422925949097,0.8768166899681091,0.6753045320510864,1.2510697841644287,-0.03834858536720276,-1.0965882539749146,0.33290544152259827,1.1887500286102295,0.7068381905555725,1.2622411251068115,-0.9769631028175354,-1.3201783895492554,1.349463701248169,0.42528247833251953
weights btw layer2 to layer3,1.0240670442581177,-0.5288519859313965,-0.5096408724784851,1.6605254411697388,0.3991726040840149,0.8316112160682678,-0.3065332770347595,0.056499287486076355,-0.8458809852600098,-0.7995958924293518,0.13528570532798767,1.7997108697891235,0.2549874186515808,1.3731144666671753,-2.450596570968628,-1.032295823097229,-0.8741034865379333,0.7710443735122681,-0.49454525113105774,0.11802839487791061,1.3213599920272827,-0.32454463839530945,0.8081003427505493,-0.26186391711235046,-0.18625029921531677,-0.01279390137642622,-0.8985791206359863,-0.2006370723247528
weights btw layer2 to layer3,0.6600744724273682,-1.1087453365325928,-0.1443326324224472,0.3254220485687256,0.2078036367893219,-0.6968220472335815,1.4781852960586548,2.105161428451538,0.11994088441133499,-0.840430736541748,-0.282694548368454,0.2363426685333252,1.3586091995239258,1.1262437105178833,-1.0389735698699951,-0.2518523335456848,0.0957377478480339,-1.1558250188827515,0.14506229758262634,-0.5871052145957947,1.063932180404663,0.7978833913803101,1.1358284950256348,0.5617386698722839,-0.6445953845977783,0.5835158824920654,0.2979068160057068,-1.0634765625
weights btw layer2 to layer3,-1.6953171491622925,0.3692813217639923,1.6300934553146362,-0.8721420168876648,-1.1186704635620117,1.1314647197723389,1.3932315111160278,0.5281977653503418,1.502967357635498,2.3315887451171875,0.2867903709411621,0.3837962746620178,0.7880391478538513,-1.2991987466812134,0.6547160744667053,-0.8910137414932251,0.8564477562904358,-1.3757858276367188,0.8772537708282471,1.5483447313308716,0.9078938364982605,0.663477897644043,2.340857744216919,-0.7301918864250183,-0.18300074338912964,0.04954782500863075,-0.8071048259735107,0.05600232630968094
weights btw layer2 to layer3,0.3756929039955139,0.3539018929004669,-0.9351831674575806,-0.93342125415802,1.1606816053390503,-1.5691419839859009,-1.3386685848236084,0.4594038724899292,1.127235770225525,1.3572791814804077,-1.5485820770263672,-1.0269606113433838,0.22048795223236084,-0.4647350311279297,-0.37430283427238464,0.3993867337703705,-1.1807411909103394,0.7327952980995178,-0.6797037720680237,-0.34752097725868225,0.850973904132843,-1.5034277439117432,1.9202535152435303,0.5864850878715515,-0.4314941465854645,0.8033497333526611,-0.8882952928543091,-1.321801781654358
weights btw layer2 to layer3,0.5957198739051819,0.3268583118915558,0.2247060388326645,0.5427897572517395,-1.1660645008087158,-1.3938100337982178,-1.1276053190231323,1.3940041065216064,-1.6646314859390259,0.8376663327217102,0.38317495584487915,-0.6128522753715515,-0.1394234001636505,-0.29814669489860535,-0.6494438052177429,0.9964660406112671,0.8466944098472595,-2.510859966278076,0.722760021686554,-1.729465126991272,0.1592935025691986,-1.560073971748352,-0.22952240705490112,2.0147502422332764,0.06940793991088867,-0.2024882733821869,1.436955451965332,-0.7397085428237915
weights btw layer2 to layer3,-0.6284105777740479,0.8546985983848572,-0.19707901775836945,0.16773691773414612,1.2255972623825073,1.2205368280410767,1.2425017356872559,-0.6085348725318909,-0.20757520198822021,0.7513505220413208,0.734782338142395,-0.437200129032135,0.33789297938346863,-1.2408312559127808,1.1621156930923462,0.9237550497055054,1.201419472694397,1.467144250869751,0.8283289670944214,1.441392183303833,0.9670209884643555,0.13202959299087524,0.1770010143518448,1.8631922006607056,-1.061779499053955,-1.51457679271698,-0.25106728076934814,1.0164366960525513
weights btw layer2 to layer3,1.8216592073440552,0.6018866896629333,0.09498231112957001,-1.564421534538269,2.4916560649871826,1.158511996269226,-1.2940049171447754,0.3440168797969818,1.3249880075454712,0.548675000667572,-0.4299779236316681,0.14577199518680573,-0.44839203357696533,0.6768487691879272,-0.8512108325958252,0.5947914123535156,0.896493136882782,0.41067367792129517,-0.7568293213844299,2.1141505241394043,0.33042141795158386,-0.03941008821129799,-0.6091495752334595,0.05486643686890602,0.473971962928772,1.2684664726257324,-0.25340548157691956,1.7145923376083374
weights btw layer2 to layer3,-0.7312946915626526,-0.06554526090621948,0.6877599358558655,0.2414020150899887,0.21449188888072968,-0.7134839296340942,-2.0567374229431152,-0.5027976632118225,0.4869692027568817,-1.2649255990982056,0.6610548496246338,-2.2610604763031006,0.7131090760231018,-0.8743696212768555,1.2653238773345947,0.18098163604736328,0.19836078584194183,1.3423848152160645,0.716939389705658,-0.05185336992144585,-0.3065643310546875,-0.06549254059791565,-1.3574235439300537,1.598370909690857,2.10495924949646,-1.615615725517273,1.7356905937194824,-0.972212016582489
weights btw layer2 to layer3,1.0232423543930054,-1.234399676322937,0.9188644886016846,-1.7204608917236328,0.0687112808227539,-0.0235001053661108,0.3091382086277008,0.43649929761886597,1.3273804187774658,0.809779703617096,-0.07991499453783035,-0.126963809132576,0.7141455411911011,0.8143520951271057,-0.7466877698898315,0.9437903165817261,-0.30921581387519836,1.1597399711608887,1.2689013481140137,1.7408936023712158,2.1535935401916504,-0.05362709239125252,1.4858882427215576,-0.31567493081092834,-2.563292980194092,-0.8395525813102722,0.38748133182525635,-1.0147567987442017
weights btw layer2 to layer3,-0.6993246078491211,-1.0555399656295776,0.42531144618988037,-0.9654371738433838,1.221496820449829,-0.42629310488700867,-0.48775821924209595,-0.4611539840698242,0.10400493443012238,-0.19620181620121002,0.7731533646583557,-0.42517420649528503,0.7859328985214233,1.6774117946624756,-1.5464661121368408,-0.14607392251491547,-0.4939369559288025,-0.5937128663063049,-0.1866963654756546,-0.3768645226955414,-0.5880274772644043,-0.4582352638244629,-0.02442360669374466,-1.8519569635391235,-0.8094175457954407,1.4812320470809937,-0.7543895244598389,0.4033608138561249
weights btw layer2 to layer3,1.7294678688049316,-1.0937950611114502,-1.4380673170089722,0.13194385170936584,0.4131282866001129,0.5356428027153015,0.08226879686117172,-0.5745655298233032,0.3736271858215332,0.5836726427078247,1.0116846561431885,-0.14841328561306,1.2633774280548096,-0.4826970398426056,-0.21309223771095276,0.21350149810314178,0.544817328453064,0.2834366261959076,-0.9006571769714355,-1.0864609479904175,-0.34553685784339905,-1.144364356994629,1.4685664176940918,-1.2245163917541504,0.7960368990898132,0.3860591948032379,0.6002362370491028,-1.710908055305481
weights btw layer2 to layer3,-0.7331556081771851,0.04106799513101578,1.3058459758758545,-0.20691926777362823,-0.4550827145576477,-0.9155316948890686,-1.5521081686019897,-1.3055064678192139,0.7640068531036377,-1.6690887212753296,-1.3174262046813965,-0.38652503490448,0.39583420753479004,1.1216367483139038,-0.7903093099594116,1.2742431163787842,0.868682861328125,0.998214066028595,1.482733130455017,0.0716148316860199,0.7583103775978088,-1.0127577781677246,-1.7336910963058472,-0.8776119947433472,-0.63625568151474,0.14681628346443176,0.1768835335969925,-1.43307363986969
weights btw layer2 to layer3,-0.9625673890113831,-0.24356429278850555,0.17642633616924286,-0.5582163333892822,0.46236851811408997,0.11758483201265335,-0.14252382516860962,-1.2501730918884277,-0.9867953062057495,-0.6895058155059814,1.409303903579712,-0.00549597991630435,0.7766669988632202,-0.8992738127708435,-1.3979030847549438,0.9227790236473083,1.8433024883270264,-0.2044929713010788,1.4795676469802856,0.7970215082168579,1.6852972507476807,0.6323612928390503,-2.0686590671539307,-0.25174063444137573,-0.38462522625923157,-0.8436315059661865,-0.21018390357494354,-0.6078284382820129
weights btw layer2 to layer3,-1.2194876670837402,0.5005218982696533,0.45877352356910706,1.5905876159667969,0.25011005997657776,1.205717921257019,0.31534087657928467,-1.5298559665679932,0.6545623540878296,0.9102702736854553,1.2591780424118042,0.08247251063585281,0.06105303019285202,0.535010576248169,-0.5919211506843567,0.8663073778152466,0.43962711095809937,0.2117212563753128,0.7094601392745972,0.1598561704158783,0.7290731072425842,0.017174668610095978,-0.8678739070892334,-0.4050363302230835,0.7832658290863037,0.7032234072685242,0.7318620681762695,-0.5062082409858704
weights btw layer2 to layer3,-0.30204564332962036,0.6563169360160828,0.2538937032222748,-0.3449161648750305,0.6403278708457947,0.3449108302593231,-0.45703640580177307,-0.0858229398727417,0.5602797865867615,1.9386388063430786,1.0704765319824219,-0.9375771880149841,-0.10381755977869034,2.176438570022583,-1.1122937202453613,0.5399217009544373,3.0125911235809326,-0.8187863826751709,0.13688924908638,1.0391347408294678,-0.7454550862312317,1.279921531677246,0.815025806427002,0.9506390690803528,-0.3055918216705322,1.7949265241622925,2.6103646755218506,-0.4156860411167145
weights btw layer2 to layer3,0.33141982555389404,-0.5751089453697205,1.7268483638763428,0.16031913459300995,-0.9469408392906189,-1.3039065599441528,-0.9588848948478699,-0.3965533673763275,-0.7879033088684082,0.6482052206993103,0.5267102122306824,1.3169746398925781,-0.6532972455024719,-0.9211291074752808,0.7496387362480164,-0.02661385014653206,1.9022917747497559,-0.42022204399108887,1.1044557094573975,0.5115946531295776,1.127138376235962,-0.34341588616371155,1.3324307203292847,-0.992784321308136,-0.6051217913627625,-0.12895417213439941,0.5670909285545349,-2.032810688018799
weights btw layer2 to layer3,-0.6266472339630127,-1.4635292291641235,1.1415280103683472,0.5705670714378357,0.8520499467849731,0.9276361465454102,1.6881428956985474,-0.13422250747680664,2.38563871383667,0.43225255608558655,-0.5809121131896973,-0.06941703706979752,-0.6247212290763855,-0.5926795601844788,-2.077453136444092,0.305743545293808,1.4625046253204346,-1.2068214416503906,-0.2838625907897949,-0.2910611033439636,0.034623026847839355,0.08337517827749252,0.7069743871688843,-0.618502140045166,-0.6536771059036255,-0.9914843440055847,-0.10511534661054611,-1.9195352792739868
weights btw layer2 to layer3,1.497363567352295,0.4964558780193329,-0.9131349325180054,-0.6309943199157715,0.6967451572418213,0.29032406210899353,1.0071771144866943,-1.3476266860961914,0.4147738814353943,-2.04343581199646,-1.068319320678711,0.06484494358301163,-2.1715948581695557,-0.29564812779426575,0.22122521698474884,-0.7600905895233154,-1.18107008934021,-1.9641798734664917,-0.2942887544631958,-0.11500462889671326,-2.612607002258301,-0.04416456073522568,1.6167610883712769,-0.7357431650161743,-0.8609671592712402,0.5923696756362915,-1.4651504755020142,0.4483615756034851
weights btw layer2 to layer3,-0.32753363251686096,0.675083577632904,-1.1673660278320312,0.35919082164764404,-0.1376102864742279,-0.9139110445976257,0.05148084834218025,0.6503813862800598,-1.3603239059448242,0.8147599101066589,-0.3179963231086731,-0.0440780334174633,0.705130934715271,-1.1893031597137451,-0.2689598798751831,-0.14636586606502533,1.3889281749725342,-1.8449550867080688,0.65113765001297,-0.8034288883209229,-0.4228350520133972,-0.0947742760181427,-1.3392990827560425,-0.6697734594345093,-0.6373873353004456,-0.38165464997291565,-0.6328228712081909,0.08091072738170624
weights btw layer3 to layer4,1.1250896453857422,-0.4073755741119385,2.1213536262512207,0.5044959187507629,0.48230937123298645,-0.3138141930103302,-0.4013611972332001,-0.49283602833747864,1.4396368265151978,0.5107634663581848,-1.0089125633239746,-0.013512163423001766,-0.7157318592071533,1.7626761198043823,1.2192349433898926,0.08968190848827362,-0.31271272897720337,0.5097976922988892,-1.0383598804473877,0.057023752480745316,-0.2645184099674225,-0.4487141966819763,-2.0069124698638916,0.5255079865455627,-1.341477394104004,0.9329976439476013,-1.791316270828247,-0.3224010765552521
weights btw layer3 to layer4,0.10306765139102936,-0.8541122078895569,0.9217250347137451,0.2949579954147339,-0.18290939927101135,0.3387734591960907,-0.013666901737451553,-1.838182806968689,-0.03439052402973175,-0.12411457300186157,0.31415653228759766,-1.342249870300293,-0.37785035371780396,0.8367336392402649,1.1701099872589111,1.6432191133499146,-0.4271089732646942,-1.2616820335388184,-0.1982441544532776,-0.6768332123756409,-1.172280192375183,0.6418167948722839,0.30094364285469055,-1.0513947010040283,1.5511575937271118,0.6591097116470337,-1.3339252471923828,-0.12959066033363342
weights btw layer3 to layer4,0.3808600604534149,-1.2774906158447266,0.5043039917945862,1.2058521509170532,0.17686302959918976,-0.7725368738174438,0.9119051098823547,1.3982350826263428,-0.34190070629119873,-0.999076247215271,-0.14210844039916992,-0.9619947671890259,0.20843660831451416,-0.1923537403345108,-2.03532338142395,-1.612401008605957,1.5901983976364136,-0.1840927004814148,1.0388779640197754,-0.6948849558830261,-0.43997254967689514,-1.2720928192138672,-0.8862716555595398,0.5808104276657104,1.1294300556182861,1.4068055152893066,-0.3682066798210144,0.6355169415473938
weights btw layer3 to layer4,-2.2139394283294678,1.4501762390136719,-1.8074809312820435,-0.4724302291870117,-0.5328149199485779,-0.7548081874847412,0.2363550364971161,1.289413571357727,-1.0270885229110718,-0.15895698964595795,-1.5115292072296143,1.1606965065002441,-0.8343979716300964,-1.0648078918457031,-0.2544412910938263,0.46287021040916443,0.1650606244802475,1.604475498199463,-0.061544258147478104,0.46018847823143005,0.2712029218673706,1.542790174484253,0.8706064224243164,0.18456816673278809,-1.2598726749420166,-1.4926838874816895,-2.7329423427581787,0.2109462469816208
weights btw layer3 to layer4,-0.34054818749427795,-0.5976141691207886,1.7066479921340942,-0.514251708984375,0.942083477973938,0.951535165309906,-0.42852792143821716,1.3493006229400635,-0.959360659122467,1.2259594202041626,-1.517905354499817,-0.30493009090423584,-0.05134924501180649,0.6585085988044739,-1.5990501642227173,-0.2697320282459259,-0.36994460225105286,0.3787817656993866,1.1833535432815552,-1.612393856048584,0.06499913334846497,2.164099931716919,-0.19089333713054657,0.039611946791410446,0.4748428761959076,-0.41798028349876404,-0.9447435736656189,-0.3129057288169861
weights btw layer3 to layer4,-0.5105409622192383,-0.9750691056251526,-0.8954989314079285,-0.6971546411514282,-0.3088243305683136,-1.4055124521255493,-0.5261078476905823,0.9074559211730957,1.3410975933074951,1.13406503200531,0.9358606338500977,0.15907032787799835,-0.003549462417140603,-1.2171149253845215,-0.7940067648887634,-0.49905693531036377,0.3967460095882416,-0.5651713013648987,-1.4328542947769165,3.05348539352417,0.31195759773254395,-0.5432787537574768,0.49517348408699036,-0.42826634645462036,0.27026039361953735,0.723778247833252,-0.49642911553382874,0.8958554863929749
weights btw layer3 to layer4,0.14021800458431244,-1.004109263420105,-0.37690046429634094,0.03436267375946045,0.23006290197372437,-0.5556191205978394,0.07807280123233795,0.8519963622093201,-1.1653255224227905,-1.4062355756759644,1.233516812324524,-1.21443510055542,0.9925870299339294,-0.006488367915153503,0.29091206192970276,0.2712167501449585,0.8349854350090027,-0.22289477288722992,-0.557836651802063,-0.9282485246658325,1.5155317783355713,1.7680147886276245,1.36548912525177,-0.7540200352668762,0.24236717820167542,-1.2928699254989624,0.8317161202430725,-1.1384735107421875
weights btw layer3 to layer4,-0.07897385209798813,-0.9966222643852234,0.027261020615696907,0.19239428639411926,-0.7556498050689697,-1.0248395204544067,0.3445829451084137,0.4131923019886017,-2.5000410079956055,-0.03998010233044624,-1.0406062602996826,-0.1867920309305191,-0.6944124698638916,-0.627801239490509,0.995159924030304,-0.22230154275894165,-2.3103532791137695,0.15985022485256195,0.44813641905784607,-0.6277355551719666,-0.9633737206459045,0.8437245488166809,0.58743816614151,0.3415389358997345,-0.5712664723396301,-0.46587637066841125,-0.4902036190032959,0.13875660300254822
weights btw layer3 to layer4,0.8917748332023621,0.9676141142845154,0.11667212843894958,-0.5519998669624329,0.7251426577568054,0.3148445785045624,0.2473028302192688,0.7253856062889099,-0.5683588981628418,-0.3168715238571167,0.9827956557273865,-0.12057505548000336,0.810845136642456,-1.0747307538986206,-1.431551218032837,-0.0838300883769989,-0.35727423429489136,0.07374352961778641,-0.549582839012146,0.08767838031053543,0.5784937739372253,1.4353845119476318,-0.7476896047592163,0.8673635721206665,1.8595525026321411,-0.7062526941299438,0.7497572898864746,2.02803635597229
weights btw layer3 to layer4,-0.6809927821159363,-1.0834327936172485,-0.8306977152824402,-0.13498292863368988,1.091260313987732,-0.49995601177215576,-0.17407909035682678,-1.2870922088623047,-1.294689416885376,0.7892525792121887,-0.9890521168708801,0.21088887751102448,-0.08741902559995651,-0.21708130836486816,-0.40144288539886475,-0.018221165984869003,1.1274824142456055,0.9577623605728149,-0.4966965615749359,-1.1284207105636597,1.557982087135315,0.2268465757369995,-1.3560271263122559,-0.009414631873369217,0.030665887519717216,-0.24407383799552917,2.222580909729004,-0.22447121143341064
weights btw layer3 to layer4,-0.10215519368648529,0.6613462567329407,0.5934457778930664,0.7995830178260803,-1.3437925577163696,-1.5437577962875366,0.21750615537166595,-0.24265620112419128,-1.9506890773773193,-0.34027519822120667,0.22654402256011963,-0.29814276099205017,-1.0683079957962036,0.25654032826423645,-1.3276848793029785,-0.058450110256671906,-0.04570988565683365,-0.9054333567619324,-0.6794429421424866,-0.7669063806533813,-2.5360183715820312,1.3290256261825562,0.4013863801956177,0.06840686500072479,-0.657781720161438,-1.0718393325805664,-1.3696558475494385,0.19002535939216614
weights btw layer3 to layer4,0.429134726524353,-0.36794859170913696,-0.666982114315033,-0.2549819052219391,0.63023841381073,0.09409657120704651,-1.5753250122070312,1.406170129776001,-0.34555912017822266,-1.2243776321411133,0.9420197606086731,-0.35189616680145264,1.7524186372756958,0.24393919110298157,0.2545626759529114,0.9315274357795715,-0.5571916103363037,1.818007469177246,-0.5032050609588623,0.8704698085784912,0.650961697101593,0.43220728635787964,-0.1556674838066101,-0.5836040377616882,-1.8392425775527954,-1.2213999032974243,-0.11096308380365372,-0.7997709512710571
weights btw layer3 to layer4,-1.1025606393814087,-1.9095447063446045,0.8172529935836792,-1.2887598276138306,0.8892934918403625,0.8686632513999939,-1.1106085777282715,0.8614029288291931,0.5736461281776428,0.2105163335800171,-0.8748424053192139,1.7444907426834106,0.8955766558647156,2.24172043800354,1.7059253454208374,-0.7902959585189819,-0.7945882081985474,-0.19067469239234924,-0.10048533976078033,-0.10267387330532074,2.925097942352295,-0.11587502807378769,1.2027961015701294,0.8202790021896362,0.4979858696460724,0.14432699978351593,-0.41444721817970276,0.22411984205245972
weights btw layer3 to layer4,0.2176981419324875,0.7648356556892395,-0.13078433275222778,0.058061085641384125,-1.5222384929656982,-0.8381882905960083,-1.1288588047027588,1.4072291851043701,0.11695918440818787,0.03807857632637024,0.905322790145874,0.34351107478141785,-1.8636467456817627,-0.5973440408706665,-0.8087202906608582,0.6069335341453552,0.6004862785339355,-0.263418048620224,1.7941522598266602,2.2143261432647705,-0.905266284942627,0.17859849333763123,-0.7244579792022705,1.0792386531829834,0.055592089891433716,0.6749228239059448,-0.5380238890647888,0.509372889995575
weights btw layer3 to layer4,0.9337133169174194,0.22819821536540985,-0.8300948143005371,-0.032474152743816376,-0.6462057828903198,0.7215301394462585,2.693272113800049,0.7091703414916992,-0.6985949277877808,1.3719980716705322,1.210227131843567,0.32842186093330383,1.0505722761154175,-0.6357064247131348,-0.35338035225868225,-1.01505446434021,0.2645595669746399,-1.6941200494766235,2.9749059677124023,0.059867069125175476,-0.3881945312023163,-0.12811177968978882,0.8919392228126526,-0.6875132322311401,-0.2686719000339508,1.5192766189575195,-0.559013843536377,-1.2897762060165405
weights btw layer3 to layer4,0.5076054334640503,1.0742621421813965,-0.7590744495391846,0.7857010960578918,-0.6971815824508667,-1.286765217781067,0.5409005284309387,-0.22096332907676697,-0.4213678240776062,0.5738484859466553,1.2400403022766113,-0.8430389165878296,1.7420766353607178,-0.7145103216171265,1.3829514980316162,-0.4068739116191864,-0.8896155953407288,0.5997464656829834,0.27501460909843445,-0.27201128005981445,1.4351751804351807,-0.24840191006660461,-0.5357149839401245,0.2553088665008545,0.3435298204421997,-0.3281947076320648,-1.7480158805847168,1.6904511451721191
weights btw layer3 to layer4,-0.006220393348485231,0.4717963933944702,1.269329309463501,-0.3715422451496124,-1.11948823928833,-0.6395617127418518,-2.567699432373047,-0.4778088927268982,0.9669812917709351,-0.10281810164451599,0.9503516554832458,-0.8580960035324097,-1.9740949869155884,-0.6133451461791992,-0.4917246997356415,2.620347499847412,0.4871729016304016,-0.33520498871803284,0.36630165576934814,-0.9347326755523682,-1.5311661958694458,2.5755953788757324,0.41211679577827454,1.5841193199157715,-1.3445414304733276,-0.8936545252799988,-0.003511324292048812,-0.5394670963287354
weights btw layer3 to layer4,0.3321521580219269,-0.9953957796096802,0.9045175909996033,-0.5850721001625061,-0.6649194359779358,-0.029180634766817093,1.7583825588226318,-0.15406818687915802,1.4380195140838623,1.3306423425674438,-1.1779242753982544,-1.1093988418579102,0.18119211494922638,0.8955221176147461,-0.9736018776893616,0.8553915023803711,-0.32444167137145996,-0.6752017140388489,0.5614970326423645,0.7439085245132446,-1.587031602859497,-1.5568928718566895,0.0006545117939822376,-0.8926494121551514,0.9608414173126221,0.3137303590774536,0.15346455574035645,0.3468470275402069
weights btw layer3 to layer4,-0.7465052604675293,-0.3220633566379547,1.4172194004058838,0.4741794466972351,-0.1338202953338623,0.7181880474090576,1.4770587682724,-0.29655885696411133,-1.4610421657562256,-1.0900304317474365,0.9388422966003418,-1.4313786029815674,0.5738587379455566,1.7697274684906006,0.4663028120994568,0.7041484713554382,0.34376832842826843,-1.1372557878494263,0.8330472707748413,-1.5980398654937744,0.41740795969963074,-0.06812594085931778,-0.5889925360679626,-0.594832718372345,-0.6830563545227051,-0.7430322766304016,-0.7308896780014038,0.34078848361968994
weights btw layer3 to layer4,-0.2546621561050415,0.6659353971481323,-0.9246713519096375,-1.788406491279602,-1.5393140316009521,-0.3715532720088959,-0.5656218528747559,-0.18530608713626862,-1.4263103008270264,-1.0310012102127075,-2.6976358890533447,-0.02207390032708645,0.6067324280738831,-1.4271219968795776,1.0526013374328613,1.2000116109848022,-0.692511796951294,0.2386564314365387,0.5532174706459045,-0.3605724275112152,-1.9120479822158813,-2.279656171798706,-0.5897933840751648,0.6190363764762878,-0.3536417484283447,-0.6956339478492737,0.24421751499176025,-0.7668298482894897
weights btw layer3 to layer4,-0.06265533715486526,1.0229268074035645,0.788332998752594,0.5760481357574463,-0.207777202129364,-1.1557326316833496,0.2457154393196106,-0.31173819303512573,-0.9166668057441711,-0.005043560639023781,-0.44762930274009705,0.32307013869285583,-1.2910873889923096,-0.3391798734664917,1.0607166290283203,-0.8349606990814209,1.7158249616622925,1.1107769012451172,-1.8162376880645752,-0.5477812886238098,-0.4055790305137634,-0.9196722507476807,0.36436864733695984,-0.0022700473200529814,0.5219783186912537,0.20433871448040009,0.06086791679263115,0.0919589102268219
weights btw layer3 to layer4,0.900333821773529,1.9655156135559082,1.4954286813735962,-0.024149172008037567,1.8385013341903687,0.1776798665523529,-1.6142115592956543,0.9806563258171082,-0.3327450454235077,1.6359615325927734,0.8007539510726929,1.3491381406784058,1.851989984512329,-0.5520570278167725,0.007010451052337885,1.7260875701904297,-0.3351533114910126,-0.20911183953285217,-1.393579125404358,-0.27325356006622314,-0.8678576350212097,0.96590656042099,-0.042530667036771774,-0.669961154460907,-0.48283499479293823,1.4875620603561401,1.0586494207382202,0.7050668597221375
weights btw layer3 to layer4,0.6384120583534241,1.3869718313217163,0.054124340415000916,0.3756347894668579,-0.24897423386573792,-2.147803783416748,0.5363280177116394,-0.22147706151008606,0.15916982293128967,-0.7783281207084656,0.45644113421440125,0.20533525943756104,0.3499023914337158,0.976306140422821,-0.03563408926129341,0.8415374159812927,-0.27090975642204285,0.2809421718120575,0.14822059869766235,-0.7242843508720398,1.1659295558929443,0.8880941867828369,1.3987793922424316,-1.2728042602539062,-0.2682126760482788,0.022793160751461983,0.7468781471252441,-0.21496111154556274
weights btw layer3 to layer4,1.1325633525848389,0.437272310256958,-0.7782716751098633,-0.8206062316894531,-1.8058913946151733,0.2746661901473999,-0.15629823505878448,1.2063961029052734,-1.2195134162902832,-0.9085264205932617,1.10965096950531,0.5734670758247375,-0.9246911406517029,-1.4833002090454102,1.1153905391693115,0.7807492017745972,1.319445252418518,-1.6411091089248657,0.8012188673019409,-1.6496784687042236,0.013462760485708714,-1.1267869472503662,-0.3872898817062378,-0.7440477609634399,0.622298538684845,-1.3740335702896118,-0.873555600643158,-0.5256159901618958
weights btw layer3 to layer4,-0.30208462476730347,-1.0008548498153687,0.1994899958372116,-0.4865366220474243,0.27698975801467896,0.00371343526057899,-0.15138579905033112,0.6286990642547607,1.51011061668396,1.4231013059616089,-0.13427375257015228,0.5926828980445862,-0.35189369320869446,-0.11711149662733078,-0.9515237212181091,-0.16126400232315063,0.06485266238451004,1.7699493169784546,1.0814318656921387,0.6988791823387146,-0.6721701622009277,0.03190316632390022,-1.110142707824707,-0.6351640820503235,-1.280503749847412,1.5744949579238892,0.743606686592102,0.5255197286605835
weights btw layer3 to layer4,-0.43173763155937195,1.0792882442474365,0.3051776885986328,-0.9343301653862,-0.540137767791748,0.5145261883735657,1.9379546642303467,-0.46441400051116943,1.3737304210662842,0.1050998643040657,1.1081171035766602,1.4061284065246582,1.1574569940567017,-0.9788426756858826,-1.2901381254196167,0.907400369644165,-0.20899763703346252,-1.4706568717956543,-0.0006462230230681598,-0.6518627405166626,0.17036184668540955,-1.2787721157073975,1.3779191970825195,-0.1367194801568985,-1.260016918182373,-0.6094058156013489,0.9362037777900696,-1.3478823900222778
weights btw layer3 to layer4,1.8628911972045898,0.45929771661758423,-0.11758947372436523,0.8646609783172607,-1.3787686824798584,-0.1211777850985527,-0.8929125070571899,0.8807011842727661,0.7212567329406738,-0.29040810465812683,1.3274823427200317,-0.5936940312385559,-0.12067306041717529,-0.05166828632354736,0.6366813778877258,0.4578664302825928,-1.3313840627670288,0.16165854036808014,-0.19546003639698029,-0.011095660738646984,0.9684398174285889,-0.4035736918449402,-1.5400371551513672,0.6518377065658569,-0.3141704797744751,0.9294919371604919,-1.393473505973816,-0.5356401205062866
weights btw layer3 to layer4,-0.708000659942627,-1.6494089365005493,1.0040823221206665,1.4598524570465088,-0.5396639704704285,-0.09248612821102142,1.2440166473388672,-0.5156949162483215,1.175110936164856,-1.6838064193725586,-0.016233893111348152,0.039695121347904205,-0.9863283038139343,-0.5812446475028992,-0.47953805327415466,1.902469515800476,-0.2701049745082855,0.7388061881065369,-2.154717206954956,-1.4820486307144165,-0.7596484422683716,0.24355915188789368,-0.917121410369873,1.7312877178192139,2.003061532974243,0.33599570393562317,-0.029512928798794746,0.46584609150886536
weights btw layer4 to layer5,-1.1168800592422485,0.2659977972507477,0.6526893973350525,-0.42374059557914734,-0.9689251184463501,-0.6727504134178162,-0.9679160714149475,0.15551398694515228,0.3582141101360321,-0.8871350884437561,0.17360658943653107,-0.2379380315542221,0.01928122155368328,0.19590802490711212,0.008115914650261402,0.8416900038719177,0.8215575218200684,0.8274208903312683,0.018843796104192734,0.11370451003313065,-0.5332643389701843,-0.46159109473228455,-0.010118757374584675,-0.3876539170742035,0.5064843893051147,-0.26821792125701904,-0.6464630961418152,0.335615336894989
weights btw layer4 to layer5,-1.4155187606811523,1.7252955436706543,1.1333597898483276,-0.5558549165725708,1.1851561069488525,-0.45456498861312866,0.7512732148170471,0.511863112449646,1.381077766418457,0.7354367971420288,-0.7815981507301331,1.6561279296875,-0.684378981590271,-0.9495003819465637,-0.2879607677459717,-1.0604822635650635,-0.04804351553320885,-1.4093281030654907,-0.59260493516922,-0.05869928002357483,2.3793253898620605,-0.40703338384628296,0.21362020075321198,-0.24143530428409576,0.25108277797698975,0.6260448098182678,-0.5819243788719177,-0.6961861252784729
weights btw layer4 to layer5,-2.212080717086792,0.9186155796051025,-0.6794515252113342,1.311733365058899,0.634535014629364,-1.0363975763320923,-0.7519901394844055,0.17709104716777802,-0.2902325391769409,0.5618256330490112,-0.3374817967414856,2.0252933502197266,1.0208585262298584,2.258178234100342,1.4984042644500732,-1.0412486791610718,1.1796700954437256,0.29331129789352417,1.008431077003479,-0.119636170566082,-0.013132019899785519,-0.9346408247947693,0.6524314880371094,0.7383168339729309,-0.47393351793289185,-0.46264228224754333,-0.5730546116828918,0.5769173502922058
weights btw layer4 to layer5,-0.17229364812374115,2.0129075050354004,0.4669422507286072,-0.9679958820343018,1.90388822555542,1.023712396621704,1.0559594631195068,-2.2037901878356934,-0.18259406089782715,-0.9298169016838074,-1.2947238683700562,-0.5673374533653259,0.8249354362487793,0.20313630998134613,-0.9399365186691284,-0.4853099584579468,1.0577239990234375,0.9733757376670837,-0.4141698181629181,0.8582484126091003,-0.7665761709213257,-0.17283177375793457,-0.7351787686347961,0.781731903553009,-1.050653100013733,0.16744862496852875,-0.6465191841125488,-0.5284310579299927
weights btw layer4 to layer5,1.2826602458953857,-0.20486970245838165,-0.5267704725265503,-0.7990772724151611,2.371175765991211,0.3052482008934021,0.2543034851551056,-0.19571255147457123,0.26499179005622864,-1.7315233945846558,-1.2339227199554443,-2.3238070011138916,-1.3481104373931885,1.0187171697616577,-2.200810670852661,-2.2767012119293213,0.4666689336299896,-0.7827964425086975,0.7988530397415161,-0.6182433366775513,-1.2498586177825928,-0.42849981784820557,0.8207436203956604,-0.6653368473052979,0.4215099811553955,0.4667634069919586,-0.07178507000207901,-1.19569730758667
weights btw layer4 to layer5,-1.6351724863052368,-0.401856392621994,0.46638521552085876,-0.711497962474823,-1.4565075635910034,0.34611883759498596,-0.6567369699478149,-0.21133257448673248,-0.8232906460762024,0.5941252708435059,0.0407705120742321,-0.050148412585258484,-1.0275776386260986,-1.8615424633026123,-1.3669614791870117,0.9361208081245422,0.8415423631668091,0.19577105343341827,0.096327044069767,0.8017521500587463,0.1563938856124878,-0.9655706286430359,-0.04923108592629433,-0.32730334997177124,-0.4413503110408783,0.8356463313102722,0.8441890478134155,0.6300666332244873
weights btw layer4 to layer5,-1.0585236549377441,0.5703379511833191,1.7550091743469238,-0.4998019337654114,1.4723325967788696,-1.6803086996078491,-1.129923939704895,0.1636963039636612,-0.9608266353607178,0.1568506956100464,1.759473204612732,0.625649094581604,1.192602515220642,0.3053882420063019,0.5250692963600159,0.5333839654922485,0.1457601636648178,-0.37658435106277466,-1.8212554454803467,1.7404451370239258,0.9984446167945862,1.0812345743179321,1.3320128917694092,-0.3158956468105316,-1.8541860580444336,0.025310058146715164,-0.086348757147789,1.2732783555984497
weights btw layer4 to layer5,1.3850802183151245,0.7907147407531738,-0.8915613889694214,0.019243374466896057,-1.0048238039016724,-1.014809012413025,1.540278434753418,1.5545215606689453,1.0278126001358032,0.03698226809501648,-2.421138286590576,0.17831028997898102,0.14744360744953156,-0.7145459055900574,-0.1529039591550827,-0.595279335975647,0.5306544899940491,0.858647346496582,-1.3196715116500854,-1.8716312646865845,0.976844847202301,0.3645930290222168,0.7494886517524719,-0.19045110046863556,0.7286034822463989,-0.8145028352737427,-0.5625802278518677,-0.36170724034309387
weights btw layer4 to layer5,-1.4049407243728638,-0.3721182346343994,1.3770698308944702,-0.5849048495292664,-0.00750924414023757,1.3389374017715454,-0.6911077499389648,0.19074863195419312,-0.13822562992572784,-0.03685738891363144,1.4370478391647339,-0.6589087843894958,1.5774211883544922,2.3329832553863525,1.7320252656936646,0.5865557789802551,-1.8132692575454712,-0.9440593719482422,-1.0907707214355469,-0.7095126509666443,-0.3470129668712616,0.08137546479701996,-0.10459798574447632,2.181105613708496,-0.4941195249557495,0.1246827244758606,1.773702621459961,0.03816305473446846
weights btw layer4 to layer5,0.4496745467185974,-2.0959391593933105,0.2354201078414917,0.396628737449646,-1.2033289670944214,-1.5718050003051758,1.2354977130889893,0.39530834555625916,-0.3342757225036621,-0.47761988639831543,0.17965665459632874,0.06553234905004501,1.2642810344696045,0.7648712396621704,-0.23105207085609436,1.6630922555923462,-0.0917801558971405,-0.043731439858675,0.16451513767242432,-0.10057773441076279,-0.8927792310714722,-0.4790641665458679,-0.386505126953125,1.9628522396087646,-1.4422316551208496,-1.8992844820022583,-0.26770031452178955,0.11654701083898544
weights btw layer4 to layer5,1.3809876441955566,-0.7523513436317444,-0.1680496484041214,0.6051943898200989,1.37369704246521,1.2768548727035522,0.897357165813446,0.49719277024269104,0.3363332450389862,-0.6308228373527527,1.1778448820114136,-1.6407586336135864,-0.9471756219863892,-0.6533969640731812,0.9286072850227356,-0.06604409962892532,-0.9500057697296143,0.7403865456581116,-0.5288641452789307,-0.456473171710968,-1.4534657001495361,0.48857182264328003,-0.33454257249832153,-0.3480457067489624,-1.39432692527771,0.6992979049682617,-0.06500502675771713,0.9432518482208252
weights btw layer4 to layer5,-0.8015905022621155,-0.0013151804450899363,1.6973711252212524,-1.7520500421524048,-0.3981389105319977,-0.924141526222229,-0.6068482398986816,1.089137315750122,-1.7094812393188477,-0.7059502601623535,-0.3236047327518463,0.5966319441795349,0.19802097976207733,-0.006257965229451656,-1.157544732093811,-0.3488434851169586,-1.1837613582611084,0.6269629001617432,0.1947033405303955,1.2364164590835571,-0.6371175646781921,-0.9491113424301147,-0.2868443727493286,-0.789158821105957,0.25498107075691223,-1.6795282363891602,0.6995333433151245,-0.4827389419078827
weights btw layer4 to layer5,-0.914516031742096,-0.16620434820652008,0.5552202463150024,0.6083323955535889,0.03665328770875931,0.8892416954040527,-0.30954626202583313,-0.7767871618270874,-1.4406250715255737,-2.516892433166504,-1.467117190361023,0.6195822358131409,-0.8406292796134949,-1.6989572048187256,-0.041231706738471985,-0.999682605266571,0.22005575895309448,0.8269414901733398,1.1444106101989746,-0.6214368343353271,-1.368193507194519,2.182502031326294,-0.11879422515630722,0.8890679478645325,-0.35086125135421753,-1.1419225931167603,-0.13778045773506165,-1.0765223503112793
weights btw layer4 to layer5,0.4321448802947998,-1.1874899864196777,0.7108535170555115,-0.013224554248154163,1.372805118560791,0.6803471446037292,-1.2776743173599243,-0.7477371692657471,0.35748201608657837,-0.16431169211864471,-1.1672745943069458,-0.7568485140800476,1.192831039428711,0.4237956702709198,-0.7554324865341187,-0.022935522720217705,-2.0783703327178955,1.632477045059204,-1.0312674045562744,-0.18381376564502716,-1.267268180847168,-0.1705814003944397,-0.1295308619737625,-0.287015438079834,1.7056738138198853,0.05334046483039856,-0.41061750054359436,-0.7407863140106201
weights btw layer4 to layer5,-0.9295003414154053,-0.30039992928504944,-0.7449665069580078,-0.15807071328163147,1.3249292373657227,-0.9214549660682678,-1.2094883918762207,0.6775447726249695,0.7351837158203125,1.1233301162719727,0.16107894480228424,0.8336096405982971,-0.7550230026245117,-1.4447938203811646,0.8097063899040222,0.9548763036727905,-0.09494303911924362,-0.0695318728685379,-0.3861578702926636,0.1164640411734581,-0.03656464070081711,0.9483654499053955,-1.8961851596832275,0.6051756739616394,1.1796469688415527,-1.5245027542114258,0.4108971655368805,-0.24230803549289703
weights btw layer4 to layer5,-1.7291713953018188,-0.4052439033985138,2.297703742980957,1.712240219116211,3.5886361598968506,0.1314716339111328,-0.869882345199585,-0.2185174524784088,-1.2779275178909302,-0.1739291250705719,0.3513254225254059,-1.3738505840301514,-2.2609643936157227,0.903099775314331,1.6141561269760132,2.2522497177124023,-1.063380479812622,-0.8650668859481812,1.0939054489135742,-2.1442317962646484,1.0410064458847046,0.6681835651397705,1.0985201597213745,1.4314672946929932,-1.3845731019973755,1.1028385162353516,0.6123732328414917,0.4914011061191559
weights btw layer4 to layer5,0.10238178074359894,0.0694277435541153,1.5471587181091309,-0.3456111550331116,-1.7812029123306274,-0.09151487052440643,-0.11618663370609283,-1.1313596963882446,-0.43562638759613037,-1.8254159688949585,0.19749708473682404,-1.1605634689331055,-0.8986409306526184,-0.06486107409000397,1.4812415838241577,0.21178871393203735,-1.491559624671936,0.09966069459915161,-0.11220283806324005,0.9752326607704163,-0.6624251008033752,0.49344518780708313,0.46313291788101196,1.3195197582244873,0.7651134133338928,0.1527557671070099,-0.4490422010421753,-0.7265717387199402
weights btw layer4 to layer5,2.50815749168396,-1.013426423072815,-0.28269675374031067,0.5861309766769409,-1.4322246313095093,-0.448300302028656,1.6456812620162964,1.146971583366394,-1.6378194093704224,-1.0555427074432373,0.15750080347061157,1.4088119268417358,-0.48701438307762146,-1.0654308795928955,-0.4429239332675934,0.23728661239147186,0.430523157119751,-0.3237593472003937,-0.40787220001220703,-0.773726761341095,1.9852811098098755,0.9133449792861938,1.3954342603683472,0.8891182541847229,-0.1477130949497223,1.2281410694122314,-0.6580219864845276,2.2950944900512695
weights btw layer4 to layer5,0.060234006494283676,0.49231386184692383,0.34533095359802246,1.4312913417816162,0.18152040243148804,0.09410121291875839,-0.5218763947486877,0.3592410683631897,0.3436535596847534,-0.8592602014541626,0.2612346112728119,-0.7826816439628601,1.0979046821594238,-0.4457576870918274,0.3535201847553253,0.28665590286254883,0.6743831634521484,1.578359603881836,-0.5851658582687378,1.0565448999404907,0.3080715239048004,-1.822718620300293,0.8523575067520142,-1.5485210418701172,-2.3759117126464844,-0.7936093211174011,-1.1502103805541992,-0.5651096701622009
weights btw layer4 to layer5,-0.8679872155189514,1.9488881826400757,0.39110255241394043,0.6315717101097107,-0.6785918474197388,-1.2212282419204712,-0.7222872376441956,-0.37077513337135315,-0.18222887814044952,0.27493733167648315,-1.0855485200881958,-2.1070923805236816,1.552383542060852,0.8310410380363464,-1.272382140159607,-1.8052822351455688,0.13886502385139465,-1.5031325817108154,-0.3964034616947174,0.11314482241868973,-0.3009292483329773,-0.16210167109966278,0.5256020426750183,0.1281455159187317,-0.8447596430778503,-0.9426414370536804,0.8938449025154114,-0.9289414286613464
weights btw layer4 to layer5,0.04221303388476372,0.721573531627655,0.7272248864173889,0.024870695546269417,0.2373095452785492,-1.0744580030441284,-1.4536042213439941,-0.718242883682251,1.1591917276382446,0.34187108278274536,0.11732093244791031,-0.25453510880470276,-0.7804831862449646,-2.6097381114959717,-1.5446940660476685,-0.44341498613357544,1.3727731704711914,-0.78045654296875,-0.8695892095565796,-1.2255486249923706,-0.5063559412956238,0.5892680883407593,0.14997294545173645,2.0775160789489746,1.466859221458435,-1.0819801092147827,0.7452345490455627,0.12671105563640594
weights btw layer4 to layer5,-0.3091643154621124,-0.2096090018749237,0.5845277309417725,-0.18216024339199066,-1.6203913688659668,0.987966775894165,0.6573739051818848,-1.9647878408432007,1.756657361984253,-0.3464362323284149,-0.034850411117076874,-2.6409170627593994,0.581829309463501,-0.3303759694099426,-0.9564816951751709,-0.8692259192466736,0.964170515537262,1.591869831085205,-1.3461788892745972,-0.2490035593509674,0.5810370445251465,0.9951017498970032,0.979791522026062,0.7501772046089172,0.08290361613035202,-0.5863872766494751,-1.5656596422195435,-0.08480075001716614
weights btw layer4 to layer5,-0.20765967667102814,-1.4811177253723145,-0.11019343137741089,-0.3181903660297394,0.46294888854026794,0.7817668914794922,-0.14839349687099457,0.5207229852676392,-0.894103467464447,-0.9645686149597168,0.6625335216522217,-0.5845130085945129,-2.3842878341674805,-0.34715330600738525,0.4281074106693268,1.0365179777145386,-0.15246108174324036,1.4048765897750854,-0.33212536573410034,-0.2869695723056793,-1.6064238548278809,-1.3261030912399292,-0.08143016695976257,-0.025251680985093117,0.14328120648860931,0.2720737159252167,-0.0994977355003357,0.4274306893348694
weights btw layer4 to layer5,0.07330147176980972,-0.06271249055862427,-0.8665120601654053,0.1453019380569458,0.5766785740852356,-0.12834297120571136,-1.4268776178359985,1.4218815565109253,0.5032574534416199,-0.8659114837646484,0.9040580987930298,-0.05722613260149956,0.11915440857410431,0.03779039531946182,0.48392733931541443,1.2639068365097046,0.23536179959774017,1.0353082418441772,0.27467045187950134,-0.8324818015098572,0.8401044011116028,-0.6910148859024048,0.36674174666404724,0.08465895056724548,-0.27698102593421936,-0.26185569167137146,-0.431746244430542,0.05437019467353821
weights btw layer4 to layer5,0.3249834179878235,0.1192987859249115,0.9962753653526306,-0.7390145659446716,0.02380029484629631,-0.9677432775497437,-0.7173327207565308,1.2372655868530273,0.9929975271224976,-0.0025784573517739773,-2.514944553375244,-0.4679289162158966,-1.815672755241394,0.5510977506637573,1.7147902250289917,0.4424467086791992,1.9382827281951904,0.20584142208099365,0.5017887949943542,0.5600924491882324,0.7795916199684143,-1.681887149810791,-1.6243348121643066,0.9644585847854614,0.39200013875961304,1.3331565856933594,0.5534578561782837,0.30620139837265015
weights btw layer4 to layer5,-0.8677421808242798,-0.03869294747710228,-0.32935208082199097,1.243516445159912,-0.7589184045791626,0.18875469267368317,-0.4601563811302185,-0.17330792546272278,-0.2868914306163788,0.2623169720172882,-2.0724892616271973,-0.08718125522136688,1.8870368003845215,0.06186474859714508,-0.9803804755210876,-1.21417236328125,2.2606449127197266,1.9184660911560059,0.8591421246528625,-0.7696196436882019,-0.5740792155265808,-0.24386322498321533,-0.6436092853546143,-0.39044293761253357,-1.5364166498184204,-1.1172696352005005,0.37397897243499756,1.6273999214172363
weights btw layer4 to layer5,0.7013503313064575,0.27579572796821594,-0.735808253288269,-0.46163976192474365,-0.45280641317367554,0.32777515053749084,0.9219270348548889,-0.6844229698181152,-1.141845703125,1.5120514631271362,-0.06396219879388809,1.4632759094238281,0.6792235374450684,0.0884508267045021,0.195293590426445,0.14456450939178467,0.9563499689102173,-0.8725906610488892,-0.544113039970398,1.622946858406067,-0.8930187225341797,-2.8321166038513184,-0.1524517983198166,-0.9677095413208008,-0.285136342048645,1.4672271013259888,1.8563987016677856,1.0000543594360352
weights btw layer4 to layer5,1.95600426197052,-1.2730367183685303,-2.0569839477539062,-0.4496249854564667,-1.00045907497406,1.4335335493087769,0.7882325649261475,-1.275856614112854,-0.8455778956413269,-0.1536955088376999,-0.10979291051626205,2.610567569732666,0.355940043926239,0.1408228576183319,0.6322072744369507,0.5082439184188843,0.5260944366455078,-0.5202432870864868,-1.210766077041626,-1.2088117599487305,0.1911909133195877,-0.32423684000968933,-0.09898664057254791,0.0035942932590842247,-0.8668485879898071,-1.3529996871948242,-0.31075307726860046,0.25492140650749207
weights btw layer5 to layer6,0.25542324781417847,0.37631750106811523,0.06592883169651031,1.654721975326538,0.15237492322921753,-0.5135248303413391,1.2977255582809448,0.7952600121498108,-0.20409776270389557,0.18441706895828247,0.8782520294189453,-1.423831582069397,0.8904942274093628,1.1524040699005127,-0.9989200234413147,-1.219164252281189,-0.5782121419906616,0.43689870834350586,-0.8462851047515869,-0.3673475682735443,-1.1911362409591675,-1.597899317741394,0.1761523336172104,0.8349260687828064,-1.0542917251586914,2.1959362030029297,-0.4027145206928253,0.6600801348686218
weights btw layer5 to layer6,-0.023654287680983543,0.333800345659256,-0.9865176677703857,-0.4857315421104431,0.389157235622406,-0.09113515913486481,1.063502550125122,0.6928281784057617,-0.7825809121131897,-0.446219801902771,-1.12135910987854,0.027898607775568962,-0.2883351743221283,-1.1221449375152588,1.3001928329467773,0.3956209421157837,1.1672999858856201,-0.5744946599006653,0.5170864462852478,1.1136460304260254,-1.9100936651229858,0.47743603587150574,-0.18699149787425995,-0.16774655878543854,0.5768157243728638,-1.353710651397705,-0.12191826850175858,-0.5846070051193237
weights btw layer5 to layer6,-0.6571778059005737,-2.3553595542907715,0.020265188068151474,1.5781903266906738,0.2645050883293152,-1.3955152034759521,1.1093451976776123,0.05075114965438843,0.6183747053146362,-0.0020114455837756395,-0.584079384803772,1.5046637058258057,-0.9287252426147461,-0.6251432299613953,-1.7383637428283691,-2.3264410495758057,1.4061752557754517,-0.49182066321372986,1.1441419124603271,-0.02319173887372017,0.6138052940368652,0.3936111629009247,-0.15244978666305542,0.5961992740631104,0.622508704662323,0.6731485724449158,1.609110951423645,-0.3522792458534241
weights btw layer5 to layer6,0.8611992001533508,-1.7425117492675781,-0.2684587836265564,-0.22748729586601257,0.4602939486503601,0.32540109753608704,0.6466844081878662,1.2605184316635132,0.23401638865470886,-0.9462522268295288,0.18040171265602112,-0.7124403715133667,0.5784363746643066,-0.29889997839927673,-0.1649097055196762,-0.35996997356414795,-0.00674058310687542,1.0708562135696411,-0.13104578852653503,-1.4089138507843018,-0.6095144748687744,-1.1618366241455078,0.3699229061603546,-0.7880386710166931,-0.33218491077423096,0.45589974522590637,1.406018853187561,0.6733641624450684
weights btw layer5 to layer6,0.2868512272834778,1.5561758279800415,-0.8640754818916321,0.8245783448219299,1.2316639423370361,-1.1190342903137207,0.19906674325466156,-1.2557227611541748,0.180873304605484,1.6130917072296143,-1.3802845478057861,-0.7924977540969849,0.22331255674362183,-0.9254859089851379,-1.577157974243164,1.7744871377944946,0.7945157885551453,-1.8092041015625,-1.017256498336792,0.6577714681625366,-1.0447603464126587,0.41617801785469055,0.35684531927108765,-1.8916525840759277,-0.39393407106399536,0.016991596668958664,1.2069982290267944,0.23072965443134308
weights btw layer5 to layer6,0.08929271250963211,-0.21422214806079865,0.375,-0.36225467920303345,1.3091503381729126,-2.6737418174743652,0.42885351181030273,-0.8286776542663574,-0.8375236392021179,-0.7607710361480713,-0.8124349117279053,0.6589370965957642,1.530595302581787,2.0167245864868164,0.9206156730651855,-0.7836896777153015,-2.3451645374298096,-0.22343803942203522,1.6017000675201416,-0.5452796220779419,-0.5697304606437683,0.5223159790039062,-1.7989342212677002,-0.4273340106010437,-1.6501588821411133,-1.0391533374786377,0.8688884377479553,0.5048355460166931
weights btw layer5 to layer6,-0.2191847413778305,-1.6210460662841797,-1.4750456809997559,0.8171923160552979,-0.014467841014266014,-0.5872810482978821,-1.2219767570495605,1.0867860317230225,-0.8108531832695007,-0.3217315971851349,-0.6994007229804993,-0.8279675841331482,-0.3411184549331665,0.5353151559829712,-0.4413714110851288,-0.2397451251745224,0.43537357449531555,0.34136253595352173,0.614447832107544,0.4476758539676666,-1.91505765914917,0.39544495940208435,1.829197883605957,0.9617311358451843,-0.39558956027030945,-0.05383763462305069,0.3377784788608551,-0.7102860808372498
weights btw layer5 to layer6,1.9544790983200073,-0.1344064176082611,0.07840410619974136,1.9560861587524414,0.5278264880180359,0.13077934086322784,-1.3035444021224976,0.37041592597961426,-0.8592043519020081,-2.241990327835083,-0.8135589957237244,-1.1463040113449097,0.8681555390357971,0.581227719783783,-1.021222472190857,0.3217640519142151,0.2741144895553589,0.7865610718727112,0.08995674550533295,-0.6619591116905212,0.09998124837875366,-0.16144785284996033,-0.8914124965667725,0.018874354660511017,1.704461932182312,1.2598371505737305,0.277649849653244,-0.30922043323516846
weights btw layer5 to layer6,0.7829698920249939,-0.4514473080635071,0.833605170249939,-1.7230846881866455,-0.5529595017433167,-0.4102213680744171,0.7703726887702942,-0.4216339886188507,0.44557222723960876,-1.1068123579025269,0.2272963672876358,0.7932433485984802,-0.21589352190494537,-0.9879940748214722,0.5775246620178223,0.050408437848091125,-0.506977915763855,-1.560972809791565,-0.7742804884910583,1.508165717124939,0.19360102713108063,0.5294183492660522,0.15286828577518463,-0.5508327484130859,-0.8443709015846252,-0.857669472694397,1.182583212852478,-1.4302048683166504
weights btw layer5 to layer6,0.7874001860618591,-0.4367164373397827,0.1470852643251419,0.363038569688797,0.7092446088790894,1.9575575590133667,0.8610125780105591,0.6639935970306396,-0.8633379936218262,-0.27865996956825256,-0.763005256652832,-0.34185725450515747,-1.0663055181503296,1.0735923051834106,-0.10049798339605331,0.56403648853302,-0.021740401163697243,0.05840218439698219,0.07910604774951935,-1.026257872581482,-0.11316786706447601,-0.5032853484153748,-1.2811833620071411,0.22965312004089355,0.9769841432571411,2.1965749263763428,-0.831211507320404,-0.3584917485713959
weights btw layer5 to layer6,0.36305251717567444,2.6711325645446777,1.5879404544830322,0.40635383129119873,-1.1904680728912354,1.7172150611877441,-0.5262688994407654,-1.1549527645111084,0.3368362486362457,1.2764616012573242,-0.13606777787208557,-0.20676983892917633,1.0639649629592896,-1.855134129524231,-0.74616938829422,0.5748251080513,0.42370665073394775,0.7101671695709229,0.8764991760253906,0.5554888844490051,-0.9013774394989014,-0.8653870224952698,1.0770270824432373,1.2425092458724976,-0.910240113735199,-0.8606082797050476,0.4849480390548706,0.7117536664009094
weights btw layer5 to layer6,0.12955431640148163,0.11597646772861481,-1.5145782232284546,0.2769775986671448,-1.3713412284851074,-0.6502186059951782,1.2854300737380981,-0.12657752633094788,-1.3019042015075684,0.9089739322662354,-0.8785756230354309,0.8869438767433167,0.21190565824508667,1.248537302017212,-0.07279668003320694,1.715239405632019,0.4845890700817108,-0.0054987226612865925,-1.2181733846664429,-0.8257895112037659,0.9993849396705627,2.044180393218994,-1.214005708694458,-0.05953417718410492,1.0375808477401733,-1.53805673122406,0.022980332374572754,0.57415771484375
weights btw layer5 to layer6,-1.0288368463516235,-0.4422554671764374,1.2690000534057617,-0.36991697549819946,0.6684851050376892,-2.9324285984039307,0.07563535869121552,-0.5438011884689331,-0.8115629553794861,0.3066776394844055,-0.5280821919441223,-1.0190942287445068,0.36407408118247986,-0.27022749185562134,0.2871516942977905,0.48274466395378113,-1.7799137830734253,0.709220290184021,-0.7565712928771973,-0.04481683671474457,0.27585241198539734,0.5478430390357971,-1.334291934967041,0.48519957065582275,2.6487131118774414,0.00365590606816113,1.7483352422714233,-0.06697328388690948
weights btw layer5 to layer6,-0.7170138359069824,-0.5595217943191528,1.0918552875518799,-1.3891557455062866,1.5848909616470337,0.25406506657600403,-0.59107506275177,1.5045796632766724,-1.4998964071273804,1.3008261919021606,-0.6181262731552124,-0.753680944442749,0.61650151014328,1.0195053815841675,0.9795942306518555,-1.153930425643921,0.4485911726951599,0.11611659079790115,-0.408761203289032,0.48992350697517395,1.5596356391906738,-1.2488549947738647,0.21255120635032654,-0.4824417531490326,2.1903116703033447,1.3907114267349243,0.6478623747825623,-0.8805440068244934
weights btw layer5 to layer6,0.21080784499645233,0.013842999935150146,0.32176637649536133,1.3080259561538696,0.08917100727558136,-0.05601882562041283,2.161726951599121,1.3052098751068115,0.27205854654312134,0.4048670530319214,-1.0018408298492432,-1.1147243976593018,-1.2799201011657715,-0.3372373878955841,-2.214536190032959,0.07223676890134811,0.825068473815918,-0.1957705020904541,0.3109920918941498,-0.3356478810310364,-0.5902976393699646,-0.8317478895187378,-0.31902867555618286,0.40263840556144714,-0.3754165470600128,0.7710986137390137,1.3312729597091675,-1.7957520484924316
weights btw layer5 to layer6,0.6721031665802002,-0.6691610217094421,0.04378802329301834,-0.3505692780017853,0.017742270603775978,-1.1661112308502197,-0.03904865309596062,-0.14281702041625977,-0.6569175720214844,-0.5632317066192627,0.6463785767555237,-0.731073260307312,0.3436344265937805,-0.6786775588989258,-0.7418098449707031,-1.037895679473877,-0.5171146988868713,-0.27941474318504333,1.159165859222412,0.2155657708644867,-0.4608995020389557,1.3330849409103394,-0.450089693069458,0.2020406574010849,-0.4336079955101013,-0.9822526574134827,-1.121216893196106,-1.1889253854751587
weights btw layer5 to layer6,-0.9798848032951355,-0.8797112703323364,0.25093692541122437,0.3139958381652832,-0.10809650272130966,1.2137789726257324,-0.8644586801528931,1.5402004718780518,0.60825115442276,-0.7203571200370789,-0.21402578055858612,-1.0517054796218872,1.1606440544128418,0.18191923201084137,0.3118838369846344,-0.47966259717941284,0.8312694430351257,-0.14754603803157806,0.4495270848274231,-0.7168607115745544,0.966445803642273,0.24559105932712555,1.56108820438385,-1.1578665971755981,-0.15133970975875854,-1.750953197479248,0.009911677800118923,-1.3609943389892578
weights btw layer5 to layer6,-1.811266541481018,0.28204861283302307,-0.30930665135383606,-0.41328439116477966,1.479339838027954,-1.6849751472473145,0.47662270069122314,0.5540853142738342,-2.421053409576416,1.62590754032135,-1.3716922998428345,-0.5297735929489136,-1.6867475509643555,0.8903896808624268,-0.1990649700164795,0.31423670053482056,-1.8178964853286743,0.021323829889297485,0.07818856835365295,1.2850077152252197,0.5156214237213135,0.9133997559547424,-0.15881137549877167,-1.6262032985687256,-0.6705734729766846,0.2725006639957428,0.7225795984268188,0.6162404417991638
weights btw layer5 to layer6,-0.9514961242675781,-0.3215121626853943,0.46927592158317566,1.2893098592758179,-1.0484097003936768,-0.6046079993247986,-0.7090975642204285,0.8801512122154236,-0.3247193992137909,-1.751054286956787,0.793133556842804,-0.1780458241701126,-0.4568825364112854,1.5561883449554443,0.2820666432380676,1.0407835245132446,0.20905564725399017,0.186440572142601,1.1684787273406982,-0.8929920792579651,1.8019710779190063,1.7463905811309814,-0.7604872584342957,1.1274415254592896,-1.7447679042816162,0.3074285387992859,-1.5182437896728516,-0.35997989773750305
weights btw layer5 to layer6,0.16852588951587677,-0.7381897568702698,-1.2404338121414185,1.2455527782440186,1.2431268692016602,0.8981442451477051,-2.0191402435302734,-1.2116987705230713,-0.5078843235969543,-0.07235557585954666,-0.6270231604576111,1.1434521675109863,-0.24489825963974,0.6268171072006226,0.7012068033218384,0.7976114153862,0.23314964771270752,-0.4174576997756958,0.8953912258148193,0.1880977749824524,1.9404525756835938,0.5323376655578613,1.9823811054229736,0.13653941452503204,0.040468160063028336,0.9788540601730347,-0.815973699092865,-0.15433543920516968
weights btw layer5 to layer6,0.07149475812911987,0.20225770771503448,-0.2523368299007416,-0.2511153817176819,-0.4536043107509613,0.6770696640014648,1.528011679649353,-0.31933966279029846,2.018125295639038,0.9817480444908142,-0.6606977581977844,-0.9916744232177734,0.37839192152023315,-0.7557477951049805,-0.25513356924057007,-1.1863034963607788,-1.3189576864242554,-0.49741145968437195,-1.9129542112350464,-0.5419842004776001,-1.2549512386322021,1.627247929573059,-0.26742231845855713,1.2980579137802124,1.2396310567855835,0.853167712688446,3.7967305183410645,-0.8192380666732788
weights btw layer5 to layer6,-0.6151158809661865,0.877555787563324,-1.7530908584594727,-0.5549224019050598,-0.20544862747192383,0.1695897877216339,-0.5493322014808655,-0.2159113585948944,-0.21208013594150543,-0.11878860741853714,-0.5512016415596008,-0.9037199020385742,-0.530315637588501,-0.023422038182616234,1.919671654701233,1.8481873273849487,-1.0672796964645386,-1.1214995384216309,0.38479503989219666,-0.5300430059432983,0.7333672046661377,0.3444738984107971,0.3415014445781708,-0.6428607702255249,-0.1404326856136322,-0.1937655806541443,0.1888626515865326,0.8774169683456421
weights btw layer5 to layer6,2.1769120693206787,-0.40437597036361694,-1.1753689050674438,0.22219853103160858,0.36981043219566345,0.13001735508441925,-1.2178348302841187,-1.0021425485610962,-0.14071522653102875,0.1521574705839157,0.44693732261657715,-0.09400487691164017,-0.577750563621521,0.36253705620765686,-2.110457181930542,0.7906937003135681,-0.6828255653381348,0.9884446263313293,-0.07433533668518066,-0.46446821093559265,0.9952214360237122,-0.7516671419143677,1.1275370121002197,-1.4280365705490112,-0.01446677464991808,0.026758352294564247,0.9782269597053528,-0.2526431679725647
weights btw layer5 to layer6,1.758884310722351,0.9118136763572693,-0.9722225069999695,0.6619612574577332,0.9491605162620544,1.6187561750411987,0.5279094576835632,-0.051797717809677124,1.3841028213500977,0.571029782295227,0.4270281195640564,0.7149817943572998,0.7156757116317749,0.266559362411499,-1.7518243789672852,0.3966183066368103,1.2582826614379883,-1.4434500932693481,-2.0423927307128906,-0.9498060345649719,-0.04040543735027313,0.08514196425676346,-0.05803785100579262,0.5209460258483887,-0.5051136016845703,-0.3962070047855377,0.7609500288963318,1.658711552619934
weights btw layer5 to layer6,0.11894015967845917,-0.5267683267593384,0.48881328105926514,0.5851292610168457,-1.0637818574905396,-0.7245572805404663,0.17455337941646576,1.1942521333694458,-0.06398815661668777,1.179894208908081,-0.8378187417984009,-1.39937424659729,0.36275890469551086,-1.5420637130737305,0.6068903207778931,0.5698207020759583,1.2082699537277222,0.4711465835571289,0.8874512910842896,-1.216532826423645,0.1177031621336937,-0.6560414433479309,-1.1462775468826294,-0.22159035503864288,0.7449632287025452,0.5786064863204956,0.6398113369941711,-0.21926161646842957
weights btw layer5 to layer6,-1.3813518285751343,-0.210480198264122,-0.5097039341926575,-0.5046329498291016,0.13907526433467865,-1.0424702167510986,-1.0241166353225708,-0.503696084022522,1.2873799800872803,1.639852523803711,1.323644757270813,0.5785417556762695,-0.7315993905067444,-0.3170034885406494,-0.09427567571401596,2.3790090084075928,-2.411301851272583,0.8173653483390808,0.45664262771606445,0.9015538096427917,0.38830065727233887,-1.238930106163025,-1.8537564277648926,-0.6358005404472351,0.7741397619247437,-1.051092505455017,0.458686888217926,0.18092364072799683
weights btw layer5 to layer6,0.2680830955505371,0.4905507564544678,1.5085285902023315,-0.42796292901039124,-1.2624421119689941,-0.6964008808135986,0.5666778683662415,-0.6520636677742004,-1.2683031558990479,0.2145284116268158,-0.530998170375824,-0.05892302468419075,-0.6759549975395203,-0.7182803153991699,-0.20108799636363983,0.4941413700580597,1.901228427886963,-1.607106328010559,0.1739717721939087,-1.5256125926971436,1.0429227352142334,-0.4451867938041687,0.29011717438697815,0.7659352421760559,-0.3608429729938507,1.1863162517547607,-2.210874557495117,-1.398467779159546
weights btw layer5 to layer6,2.0428314208984375,-0.5814155340194702,1.6352027654647827,1.3903759717941284,-0.2263277769088745,-0.8880929946899414,-1.0228670835494995,-0.32819876074790955,0.559700608253479,-0.3520128130912781,1.0527076721191406,0.25302425026893616,-1.3427670001983643,0.4102059006690979,0.7694182395935059,-1.4527446031570435,0.2649322748184204,-0.09716920554637909,-0.22256046533584595,0.5141950845718384,1.509954571723938,-0.718418538570404,0.21649672091007233,-1.179892659187317,-1.398331880569458,-1.0858721733093262,-0.8438578248023987,-0.3645426332950592
weights btw layer6 to layer7,-0.9794337153434753,1.437354564666748,0.44752421975135803,-0.24471953511238098
weights btw layer6 to layer7,0.5301007032394409,0.29739177227020264,-0.3261641561985016,0.30948853492736816
weights btw layer6 to layer7,0.5816487073898315,-0.636005699634552,0.4423350989818573,0.12896327674388885
weights btw layer6 to layer7,-0.4433501958847046,-0.8181818723678589,1.00931715965271,-1.0490245819091797
weights btw layer6 to layer7,-0.4058310091495514,-2.239840507507324,-0.45595934987068176,0.8360863924026489
weights btw layer6 to layer7,0.6947665214538574,-0.18625938892364502,0.3468532860279083,0.40802231431007385
weights btw layer6 to layer7,-0.28816986083984375,0.5075322985649109,-0.43075665831565857,1.0345326662063599
weights btw layer6 to layer7,-0.05303312838077545,0.2447807937860489,1.356766700744629,-0.12051050364971161
weights btw layer6 to layer7,0.5980207324028015,-1.336216688156128,0.5926264524459839,0.366213858127594
weights btw layer6 to layer7,-0.9251442551612854,0.2207362800836563,-1.0404900312423706,-1.7889539003372192
weights btw layer6 to layer7,-2.7629036903381348,-1.7729567289352417,0.6677866578102112,-1.1102203130722046
weights btw layer6 to layer7,-0.9000537395477295,0.6556900143623352,0.3804417848587036,0.17989769577980042
weights btw layer6 to layer7,0.8884459733963013,-1.1304576396942139,1.3975279331207275,0.7820072770118713
weights btw layer6 to layer7,0.11117984354496002,1.6843936443328857,-0.6448401212692261,-1.326143503189087
weights btw layer6 to layer7,0.5176234245300293,1.656203031539917,0.9896700978279114,1.496933102607727
weights btw layer6 to layer7,-0.2645961344242096,0.4366159737110138,0.6195690631866455,0.09597146511077881
weights btw layer6 to layer7,-0.23298534750938416,0.2967577874660492,-0.3622737526893616,-0.9509228467941284
weights btw layer6 to layer7,-1.1788711547851562,1.6694766283035278,0.18054655194282532,0.012251833453774452
weights btw layer6 to layer7,-0.16508464515209198,-0.36440509557724,-1.8140395879745483,-0.9126802682876587
weights btw layer6 to layer7,-0.4843447208404541,0.05786910653114319,-1.1492687463760376,-1.3649405241012573
weights btw layer6 to layer7,0.8734344840049744,0.35555532574653625,1.134533166885376,-0.7198973298072815
weights btw layer6 to layer7,0.4742583930492401,-1.0424500703811646,0.04071380943059921,-0.38227102160453796
weights btw layer6 to layer7,0.0032010653521865606,0.3234189748764038,0.5943757891654968,0.19931763410568237
weights btw layer6 to layer7,-0.5389043092727661,0.00859928410500288,0.13775989413261414,1.3400166034698486
weights btw layer6 to layer7,0.15489532053470612,0.47439825534820557,-0.08599864691495895,-2.273693561553955
weights btw layer6 to layer7,2.4580912590026855,-0.35750120878219604,1.4010143280029297,1.094397783279419
weights btw layer6 to layer7,-0.7035057544708252,0.38208895921707153,0.42374128103256226,0.49372318387031555
weights btw layer6 to layer7,1.708039402961731,-0.5744794011116028,1.1346242427825928,0.6174296736717224
