413.003570835,0.0,-718.752321231,-240.512484893,218.250817431,134.212859547,23.5728603883,351.388177492,0.0,0.0,0.0,0.0,0.0,-799.732214841,503.646924243,-279.572633202,0.0,-370.128454575,32.6866473855,0.0,0.0,0.0,0.0,0.0,-396.157357149,-25.161025629,-117.639214978,102.53593722
-413.003570835,0.0,718.752321231,240.512484893,-218.250817431,-134.212859547,-23.5728603883,-351.388177492,0.0,0.0,0.0,0.0,0.0,799.732214841,-503.646924243,279.572633202,0.0,370.128454575,-32.6866473855,0.0,0.0,0.0,0.0,0.0,396.157357149,25.161025629,117.639214978,-102.53593722
-413.003570835,0.0,718.752321231,240.512484893,-218.250817431,-134.212859547,-23.5728603883,-351.388177492,0.0,0.0,0.0,0.0,0.0,799.732214841,-503.646924243,279.572633202,0.0,370.128454575,-32.6866473855,0.0,0.0,0.0,0.0,0.0,396.157357149,25.161025629,117.639214978,-102.53593722
-413.003570835,0.0,718.752321231,240.512484893,-218.250817431,-134.212859547,-23.5728603883,-351.388177492,0.0,0.0,0.0,0.0,0.0,799.732214841,-503.646924243,279.572633202,0.0,370.128454575,-32.6866473855,0.0,0.0,0.0,0.0,0.0,396.157357149,25.161025629,117.639214978,-102.53593722
413.003570835,0.0,-718.752321231,-240.512484893,218.250817431,134.212859547,23.5728603883,351.388177492,0.0,0.0,0.0,0.0,0.0,-799.732214841,503.646924243,-279.572633202,0.0,-370.128454575,32.6866473855,0.0,0.0,0.0,0.0,0.0,-396.157357149,-25.161025629,-117.639214978,102.53593722
413.003570835,0.0,-718.752321231,-240.512484893,218.250817431,134.212859547,23.5728603883,351.388177492,0.0,0.0,0.0,0.0,0.0,-799.732214841,503.646924243,-279.572633202,0.0,-370.128454575,32.6866473855,0.0,0.0,0.0,0.0,0.0,-396.157357149,-25.161025629,-117.639214978,102.53593722
-413.003570835,0.0,718.752321231,240.512484893,-218.250817431,-134.212859547,-23.5728603883,-351.388177492,0.0,0.0,0.0,0.0,0.0,799.732214841,-503.646924243,279.572633202,0.0,370.128454575,-32.6866473855,0.0,0.0,0.0,0.0,0.0,396.157357149,25.161025629,117.639214978,-102.53593722
413.003570835,0.0,-718.752321231,-240.512484893,218.250817431,134.212859547,23.5728603883,351.388177492,0.0,0.0,0.0,0.0,0.0,-799.732214841,503.646924243,-279.572633202,0.0,-370.128454575,32.6866473855,0.0,0.0,0.0,0.0,0.0,-396.157357149,-25.161025629,-117.639214978,102.53593722
-413.003570835,0.0,718.752321231,240.512484893,-218.250817431,-134.212859547,-23.5728603883,-351.388177492,0.0,0.0,0.0,0.0,0.0,799.732214841,-503.646924243,279.572633202,0.0,370.128454575,-32.6866473855,0.0,0.0,0.0,0.0,0.0,396.157357149,25.161025629,117.639214978,-102.53593722
-413.003570835,0.0,718.752321231,240.512484893,-218.250817431,-134.212859547,-23.5728603883,-351.388177492,0.0,0.0,0.0,0.0,0.0,799.732214841,-503.646924243,279.572633202,0.0,370.128454575,-32.6866473855,0.0,0.0,0.0,0.0,0.0,396.157357149,25.161025629,117.639214978,-102.53593722
413.003570835,0.0,-718.752321231,-240.512484893,218.250817431,134.212859547,23.5728603883,351.388177492,0.0,0.0,0.0,0.0,0.0,-799.732214841,503.646924243,-279.572633202,0.0,-370.128454575,32.6866473855,0.0,0.0,0.0,0.0,0.0,-396.157357149,-25.161025629,-117.639214978,102.53593722
413.003570835,0.0,-718.752321231,-240.512484893,218.250817431,134.212859547,23.5728603883,351.388177492,0.0,0.0,0.0,0.0,0.0,-799.732214841,503.646924243,-279.572633202,0.0,-370.128454575,32.6866473855,0.0,0.0,0.0,0.0,0.0,-396.157357149,-25.161025629,-117.639214978,102.53593722
-413.003570835,0.0,718.752321231,240.512484893,-218.250817431,-134.212859547,-23.5728603883,-351.388177492,0.0,0.0,0.0,0.0,0.0,799.732214841,-503.646924243,279.572633202,0.0,370.128454575,-32.6866473855,0.0,0.0,0.0,0.0,0.0,396.157357149,25.161025629,117.639214978,-102.53593722
-413.003570835,0.0,718.752321231,240.512484893,-218.250817431,-134.212859547,-23.5728603883,-351.388177492,0.0,0.0,0.0,0.0,0.0,799.732214841,-503.646924243,279.572633202,0.0,370.128454575,-32.6866473855,0.0,0.0,0.0,0.0,0.0,396.157357149,25.161025629,117.639214978,-102.53593722
0.0,93.2507928022,73.5265416543,-169.346318111,79.4632511507,0.0,-122.257991282,125.195447868,92.2432180724,-56.5847346048,119.922514235,0.0,-107.260437608,0.0,0.0,0.212429275069,179.013260034,0.0,0.0,0.0,0.0,0.0,0.0,0.0,0.0,0.0,0.0,-83.1177060962
0.0,0.0,0.0,0.0,0.0,0.0,0.0,0.0,0.0,0.0,0.0,0.0,0.0,0.0,0.0,0.0,0.0,0.0,0.0,0.0,0.0,0.0,0.0,0.0,0.0,0.0,0.0,0.0
0.0,518.084140291,408.499852675,-940.856790527,441.48311151,0.0,-679.242764632,695.56272958,512.486241635,-314.374309326,666.267286549,0.0,-595.919133077,0.0,0.0,1.18021772297,994.564530104,0.0,0.0,0.0,0.0,0.0,0.0,0.0,0.0,0.0,0.0,-461.786586599
0.0,698.286353018,550.585995882,-1268.10957116,595.041631042,0.0,-915.499850396,937.496294445,690.74136962,-423.721308702,898.01118675,0.0,-803.194241569,0.0,0.0,1.59072603357,1340.49816344,0.0,0.0,0.0,0.0,0.0,0.0,0.0,0.0,0.0,0.0,-622.407146545
0.0,158.1554192,124.702650436,-287.215123068,134.771441819,0.0,-207.352273163,212.334264884,156.446550042,-95.9689687651,203.391252132,0.0,-181.916088472,0.0,0.0,0.360284776561,303.610471635,0.0,0.0,0.0,0.0,0.0,0.0,0.0,0.0,0.0,0.0,-140.96947871
0.0,6.1989757413,4.88777879908,-11.2575312906,5.28242979395,0.0,-8.12726947797,8.32254097721,6.13199581415,-3.7615486861,7.97201540316,0.0,-7.13028630377,0.0,0.0,0.0141215305878,11.9001546579,0.0,0.0,0.0,0.0,0.0,0.0,0.0,0.0,0.0,0.0,-5.52536475326
0.0,237.890881397,187.572601525,-432.017183621,202.717663699,0.0,-311.890767145,319.384474332,235.320470644,-144.352578506,305.932762107,0.0,-273.630703556,0.0,0.0,0.541925553253,456.678393089,0.0,0.0,0.0,0.0,0.0,0.0,0.0,0.0,0.0,0.0,-212.040496051
0.0,280.798869992,221.404764404,-509.939415354,239.281516633,0.0,-368.145993914,376.991328792,277.764838461,-170.389216631,361.113353268,0.0,-322.985025329,0.0,0.0,0.639671777579,539.048726777,0.0,0.0,0.0,0.0,0.0,0.0,0.0,0.0,0.0,0.0,-250.285892985
0.0,0.0,0.0,0.0,0.0,0.0,0.0,0.0,0.0,0.0,0.0,0.0,0.0,0.0,0.0,0.0,0.0,0.0,0.0,0.0,0.0,0.0,0.0,0.0,0.0,0.0,0.0,0.0
0.0,0.0,0.0,0.0,0.0,0.0,0.0,0.0,0.0,0.0,0.0,0.0,0.0,0.0,0.0,0.0,0.0,0.0,0.0,0.0,0.0,0.0,0.0,0.0,0.0,0.0,0.0,0.0
0.0,0.0,0.0,0.0,0.0,0.0,0.0,0.0,0.0,0.0,0.0,0.0,0.0,0.0,0.0,0.0,0.0,0.0,0.0,0.0,0.0,0.0,0.0,0.0,0.0,0.0,0.0,0.0
0.0,0.0,0.0,0.0,0.0,0.0,0.0,0.0,0.0,0.0,0.0,0.0,0.0,0.0,0.0,0.0,0.0,0.0,0.0,0.0,0.0,0.0,0.0,0.0,0.0,0.0,0.0,0.0
0.0,0.0,0.0,0.0,0.0,0.0,0.0,0.0,0.0,0.0,0.0,0.0,0.0,0.0,0.0,0.0,0.0,0.0,0.0,0.0,0.0,0.0,0.0,0.0,0.0,0.0,0.0,0.0
0.0,614.739991233,484.711220287,-1116.38679932,523.847967913,0.0,-805.965013599,825.329696531,608.097726197,-373.025238816,790.568778387,0.0,-707.096191822,0.0,0.0,1.40040386542,1180.11446977,0.0,0.0,0.0,0.0,0.0,0.0,0.0,0.0,0.0,0.0,-547.939340583
0.0,229.347545353,180.836337579,-416.502221657,195.437497629,0.0,-300.689885392,307.914472307,226.869445338,-139.168468129,294.945849207,0.0,-263.803849165,0.0,0.0,0.522463470112,440.277777171,0.0,0.0,0.0,0.0,0.0,0.0,0.0,0.0,0.0,0.0,-204.425520639
0.0,98.4995366947,77.66508005,-178.878199033,83.9359450723,0.0,-129.139443608,132.242238813,97.435249292,-59.7696810406,126.672511154,0.0,-113.297732841,0.0,0.0,0.22438613706,189.089257535,0.0,0.0,0.0,0.0,0.0,0.0,0.0,0.0,0.0,0.0,-87.7960958356
0.0,0.0,0.0,0.0,0.0,0.0,0.0,0.0,0.0,0.0,0.0,0.0,0.0,0.0,0.0,0.0,0.0,0.0,0.0,0.0,0.0,0.0,0.0,0.0,0.0,0.0,0.0,0.0
0.0,176.965371954,139.533953561,-321.374577879,150.800259966,0.0,-232.013372235,237.587888887,175.053261274,-107.382879066,227.58125373,0.0,-203.55197706,0.0,0.0,0.40313464955,339.719880064,0.0,0.0,0.0,0.0,0.0,0.0,0.0,0.0,0.0,0.0,-157.735450105
0.0,117.765546435,92.8559757529,-213.865867408,100.353390165,0.0,-154.39846372,158.108149928,116.493089815,-71.4603274713,151.449011792,0.0,-135.458194683,0.0,0.0,0.268274927274,226.074157157,0.0,0.0,0.0,0.0,0.0,0.0,0.0,0.0,0.0,0.0,-104.968566837
0.0,0.0,0.0,0.0,0.0,0.0,0.0,0.0,0.0,0.0,0.0,0.0,0.0,0.0,0.0,0.0,0.0,0.0,0.0,0.0,0.0,0.0,0.0,0.0,0.0,0.0,0.0,0.0
0.0,0.0,0.0,0.0,0.0,0.0,0.0,0.0,0.0,0.0,0.0,0.0,0.0,0.0,0.0,0.0,0.0,0.0,0.0,0.0,0.0,0.0,0.0,0.0,0.0,0.0,0.0,0.0
0.0,0.0,0.0,0.0,0.0,0.0,0.0,0.0,0.0,0.0,0.0,0.0,0.0,0.0,0.0,0.0,0.0,0.0,0.0,0.0,0.0,0.0,0.0,0.0,0.0,0.0,0.0,0.0
0.0,0.0,0.0,0.0,0.0,0.0,0.0,0.0,0.0,0.0,0.0,0.0,0.0,0.0,0.0,0.0,0.0,0.0,0.0,0.0,0.0,0.0,0.0,0.0,0.0,0.0,0.0,0.0
0.0,0.0,0.0,0.0,0.0,0.0,0.0,0.0,0.0,0.0,0.0,0.0,0.0,0.0,0.0,0.0,0.0,0.0,0.0,0.0,0.0,0.0,0.0,0.0,0.0,0.0,0.0,0.0
0.0,35.5088505693,27.9980781076,-64.4851686893,30.2587101521,0.0,-46.5544647169,47.6730150673,35.1251774717,-21.5468289888,45.665141388,0.0,-40.8435653636,0.0,0.0,0.0808906729721,68.1662311862,0.0,0.0,0.0,0.0,0.0,0.0,0.0,0.0,0.0,0.0,-31.6502853943
0.0,26.5502416494,20.9343791072,-48.2160583646,22.6246711358,0.0,-34.8091326044,35.645481335,26.263366313,-16.1107303464,34.144178687,0.0,-30.5390490777,0.0,0.0,0.0604825805444,50.9684172061,0.0,0.0,0.0,0.0,0.0,0.0,0.0,0.0,0.0,0.0,-23.6651626853
0.0,26.8318653706,21.1564342517,-48.7274957352,22.8646555457,0.0,-35.1783600331,36.0235800819,26.5419470902,-16.2816200841,34.5063528166,0.0,-30.8629828768,0.0,0.0,0.0611241313682,51.5090493973,0.0,0.0,0.0,0.0,0.0,0.0,0.0,0.0,0.0,0.0,-23.9161837972
0.0,563.944916992,444.660234877,-1024.14137661,480.563169786,0.0,-739.369292993,757.133900248,557.851492686,-342.202704136,725.245226376,0.0,-648.669858622,0.0,0.0,1.28469052429,1082.60332203,0.0,0.0,0.0,0.0,0.0,0.0,0.0,0.0,0.0,0.0,-502.663907259
0.0,0.0,0.0,0.0,0.0,0.0,0.0,0.0,0.0,0.0,0.0,0.0,0.0,0.0,0.0,0.0,0.0,0.0,0.0,0.0,0.0,0.0,0.0,0.0,0.0,0.0,0.0,0.0
496.283505551,0.0,0.0,-366.729445152,-105.236646464,0.0,126.213035558,0.0,0.0,-285.201127742,0.0,-53.2582246206,0.0,138.905616664,101.184847781,103.626215883,0.0,798.229077625,0.0,-13.6880707616,501.033354671,0.0,0.0,617.447209285,0.0,0.0,-637.305893072,0.0
110.368578431,0.0,0.0,-81.5570275406,-23.4035968135,0.0,28.0685397725,0.0,0.0,-63.4259303074,0.0,-11.8441061921,0.0,30.891245177,22.5025165725,23.0454528656,0.0,177.518308737,0.0,-3.0440925288,111.424898234,0.0,0.0,137.314196387,0.0,0.0,-141.730572661,0.0
108.358401679,0.0,0.0,-80.0716043972,-22.9773399304,0.0,27.5573188534,0.0,0.0,-62.2707343958,0.0,-11.6283858552,0.0,30.328613459,22.0926713401,22.6257189681,0.0,174.285113363,0.0,-2.98864953842,109.395482406,0.0,0.0,134.813250835,0.0,0.0,-139.149190294,0.0
631.558399868,0.0,0.0,-466.691032392,-133.921613967,0.0,160.615659977,0.0,0.0,-362.94006523,0.0,-67.7751300314,0.0,176.767932063,128.765392846,131.872218914,0.0,1015.80704044,0.0,-17.4191081726,637.60294311,0.0,0.0,785.748402148,0.0,0.0,-811.020083385,0.0
0.0,0.0,0.0,0.0,0.0,0.0,0.0,0.0,0.0,0.0,0.0,0.0,0.0,0.0,0.0,0.0,0.0,0.0,0.0,0.0,0.0,0.0,0.0,0.0,0.0,0.0,0.0,0.0
249.64795505,0.0,0.0,-184.477733019,-52.9377126023,0.0,63.4895697225,0.0,0.0,-143.466138855,0.0,-26.7907490727,0.0,69.8743817945,50.8995162,52.1276097137,0.0,401.537134847,0.0,-6.88557817454,252.037295228,0.0,0.0,310.597534323,0.0,0.0,-320.587146595,0.0
589.673148565,0.0,0.0,-435.739862751,-125.03986929,0.0,149.963553564,0.0,0.0,-338.869708723,0.0,-63.2802514041,0.0,165.044599338,120.225611189,123.126391085,0.0,948.438237851,0.0,-16.2638646932,595.316814845,0.0,0.0,733.637197084,0.0,0.0,-757.232848488,0.0
584.925992698,0.0,0.0,-432.231944761,-124.03323748,0.0,148.756273963,0.0,0.0,-336.141642624,0.0,-62.7708145788,0.0,163.715909978,119.2577365,122.135163705,0.0,940.802848387,0.0,-16.132932666,590.524224717,0.0,0.0,727.731060552,0.0,0.0,-751.136755478,0.0
15.1518834858,0.0,0.0,-11.196507161,-3.21294862278,0.0,3.85337249331,0.0,0.0,-8.70739045172,0.0,-1.62601094956,0.0,4.24088589623,3.0892443673,3.16378104767,0.0,24.3704935665,0.0,-0.417906400284,15.2968997107,0.0,0.0,18.8510963373,0.0,0.0,-19.4573958809,0.0
206.332925801,0.0,0.0,-152.470026808,-43.7527842929,0.0,52.4738473266,0.0,0.0,-118.574126423,0.0,-22.1424350921,0.0,57.7508661399,42.0682240209,43.0832378543,0.0,331.868658144,0.0,-5.69089977244,208.307704844,0.0,0.0,256.707482305,0.0,0.0,-264.963852469,0.0
0.0,0.0,0.0,0.0,0.0,0.0,0.0,0.0,0.0,0.0,0.0,0.0,0.0,0.0,0.0,0.0,0.0,0.0,0.0,0.0,0.0,0.0,0.0,0.0,0.0,0.0,0.0,0.0
65.9078372158,0.0,0.0,-48.7026957434,-13.9757209069,0.0,16.7614440316,0.0,0.0,-37.8755072267,0.0,-7.0728411471,0.0,18.4470542927,13.4376307124,13.7618512227,0.0,106.00705347,0.0,-1.81781407091,66.5386304601,0.0,0.0,81.9987158624,0.0,0.0,-84.6360045969,0.0
0.0,0.0,0.0,0.0,0.0,0.0,0.0,0.0,0.0,0.0,0.0,0.0,0.0,0.0,0.0,0.0,0.0,0.0,0.0,0.0,0.0,0.0,0.0,0.0,0.0,0.0,0.0,0.0
0.0,0.0,0.0,0.0,0.0,0.0,0.0,0.0,0.0,0.0,0.0,0.0,0.0,0.0,0.0,0.0,0.0,0.0,0.0,0.0,0.0,0.0,0.0,0.0,0.0,0.0,0.0,0.0
669.787035066,0.0,0.0,-494.940140046,-142.027975194,0.0,170.337828938,0.0,0.0,-384.909060267,0.0,-71.8776021417,0.0,187.467808418,136.559644701,139.854528943,0.0,1077.29449241,0.0,-18.4734979676,676.197458389,0.0,0.0,833.310257123,0.0,0.0,-860.111649442,0.0
421.084375657,0.0,0.0,-311.160934667,-89.2907120163,0.0,107.088663402,0.0,0.0,-241.98615805,0.0,-45.1882966331,0.0,117.858006994,85.8528602648,87.9243011879,0.0,677.277783814,0.0,-11.6139921358,425.114506074,0.0,0.0,523.888804916,0.0,0.0,-540.738410777,0.0
0.0,0.0,0.0,0.0,0.0,0.0,0.0,0.0,0.0,0.0,0.0,0.0,0.0,0.0,0.0,0.0,0.0,0.0,0.0,0.0,0.0,0.0,0.0,0.0,0.0,0.0,0.0,0.0
0.0,0.0,0.0,0.0,0.0,0.0,0.0,0.0,0.0,0.0,0.0,0.0,0.0,0.0,0.0,0.0,0.0,0.0,0.0,0.0,0.0,0.0,0.0,0.0,0.0,0.0,0.0,0.0
0.0,0.0,0.0,0.0,0.0,0.0,0.0,0.0,0.0,0.0,0.0,0.0,0.0,0.0,0.0,0.0,0.0,0.0,0.0,0.0,0.0,0.0,0.0,0.0,0.0,0.0,0.0,0.0
0.0,0.0,0.0,0.0,0.0,0.0,0.0,0.0,0.0,0.0,0.0,0.0,0.0,0.0,0.0,0.0,0.0,0.0,0.0,0.0,0.0,0.0,0.0,0.0,0.0,0.0,0.0,0.0
0.0,0.0,0.0,0.0,0.0,0.0,0.0,0.0,0.0,0.0,0.0,0.0,0.0,0.0,0.0,0.0,0.0,0.0,0.0,0.0,0.0,0.0,0.0,0.0,0.0,0.0,0.0,0.0
0.0,0.0,0.0,0.0,0.0,0.0,0.0,0.0,0.0,0.0,0.0,0.0,0.0,0.0,0.0,0.0,0.0,0.0,0.0,0.0,0.0,0.0,0.0,0.0,0.0,0.0,0.0,0.0
0.0,0.0,0.0,0.0,0.0,0.0,0.0,0.0,0.0,0.0,0.0,0.0,0.0,0.0,0.0,0.0,0.0,0.0,0.0,0.0,0.0,0.0,0.0,0.0,0.0,0.0,0.0,0.0
0.0,0.0,0.0,0.0,0.0,0.0,0.0,0.0,0.0,0.0,0.0,0.0,0.0,0.0,0.0,0.0,0.0,0.0,0.0,0.0,0.0,0.0,0.0,0.0,0.0,0.0,0.0,0.0
0.0,0.0,0.0,0.0,0.0,0.0,0.0,0.0,0.0,0.0,0.0,0.0,0.0,0.0,0.0,0.0,0.0,0.0,0.0,0.0,0.0,0.0,0.0,0.0,0.0,0.0,0.0,0.0
0.0,0.0,0.0,0.0,0.0,0.0,0.0,0.0,0.0,0.0,0.0,0.0,0.0,0.0,0.0,0.0,0.0,0.0,0.0,0.0,0.0,0.0,0.0,0.0,0.0,0.0,0.0,0.0
207.309248434,0.0,0.0,-153.19148189,-43.9598129742,0.0,52.7221421858,0.0,0.0,-119.13519346,0.0,-22.2472082902,0.0,58.0241307071,42.2672817286,43.2870983871,0.0,333.438988622,0.0,-5.71782787529,209.293371703,0.0,0.0,257.922166408,0.0,0.0,-266.217603925,0.0
0.0,951.360026712,0.0,35.5665806772,-757.985666975,0.0,0.0,0.0,1237.53909121,0.0,0.0,323.126559317,284.062200915,0.0,88.8978071154,-95.6783840997,-480.874056263,0.0,0.0,933.121057688,0.0,-280.239703085,278.508664732,0.0,-662.762704724,0.0,0.0,0.0
0.0,0.0,0.0,0.0,0.0,0.0,0.0,0.0,0.0,0.0,0.0,0.0,0.0,0.0,0.0,0.0,0.0,0.0,0.0,0.0,0.0,0.0,0.0,0.0,0.0,0.0,0.0,0.0
0.0,0.0,0.0,0.0,0.0,0.0,0.0,0.0,0.0,0.0,0.0,0.0,0.0,0.0,0.0,0.0,0.0,0.0,0.0,0.0,0.0,0.0,0.0,0.0,0.0,0.0,0.0,0.0
0.0,510.58443451,0.0,19.0881916127,-406.802548218,0.0,0.0,0.0,664.173582375,0.0,0.0,173.418460868,152.453050525,0.0,47.7104726925,-51.3495335822,-258.079802802,0.0,0.0,500.795780979,0.0,-150.401558095,149.472528901,0.0,-355.697434519,0.0,0.0,0.0
0.0,236.024848083,0.0,8.82378549178,-188.050209041,0.0,0.0,0.0,307.023595483,0.0,0.0,80.1651266954,70.4735703987,0.0,22.0548381582,-23.7370453224,-119.301024733,0.0,0.0,231.499905083,0.0,-69.5252391212,69.095782288,0.0,-164.426150254,0.0,0.0,0.0
0.0,0.0,0.0,0.0,0.0,0.0,0.0,0.0,0.0,0.0,0.0,0.0,0.0,0.0,0.0,0.0,0.0,0.0,0.0,0.0,0.0,0.0,0.0,0.0,0.0,0.0,0.0,0.0
0.0,1087.95607095,0.0,40.673221792,-866.817067062,0.0,0.0,0.0,1415.22465682,0.0,0.0,369.520993128,324.847783525,0.0,101.661732918,-109.415863518,-549.917837813,0.0,0.0,1067.09835513,0.0,-320.476452374,318.49687195,0.0,-757.922014753,0.0,0.0,0.0
0.0,0.0,0.0,0.0,0.0,0.0,0.0,0.0,0.0,0.0,0.0,0.0,0.0,0.0,0.0,0.0,0.0,0.0,0.0,0.0,0.0,0.0,0.0,0.0,0.0,0.0,0.0,0.0
0.0,0.0,0.0,0.0,0.0,0.0,0.0,0.0,0.0,0.0,0.0,0.0,0.0,0.0,0.0,0.0,0.0,0.0,0.0,0.0,0.0,0.0,0.0,0.0,0.0,0.0,0.0,0.0
0.0,142.287050649,0.0,5.31939930641,-113.365647032,0.0,0.0,0.0,185.088486385,0.0,0.0,48.3273669491,42.484833958,0.0,13.2957097508,-14.3098245692,-71.9203553631,0.0,0.0,139.559198904,0.0,-41.9131345728,41.6542374836,0.0,-99.1239361417,0.0,0.0,0.0
0.0,0.0,0.0,0.0,0.0,0.0,0.0,0.0,0.0,0.0,0.0,0.0,0.0,0.0,0.0,0.0,0.0,0.0,0.0,0.0,0.0,0.0,0.0,0.0,0.0,0.0,0.0,0.0
0.0,650.434827448,0.0,24.3164965062,-518.226814942,0.0,0.0,0.0,846.092438878,0.0,0.0,220.918224386,194.210334099,0.0,60.7784941642,-65.4143032133,-328.768526139,0.0,0.0,637.965036478,0.0,-191.596932604,190.413439919,0.0,-453.123878849,0.0,0.0,0.0
0.0,0.0,0.0,0.0,0.0,0.0,0.0,0.0,0.0,0.0,0.0,0.0,0.0,0.0,0.0,0.0,0.0,0.0,0.0,0.0,0.0,0.0,0.0,0.0,0.0,0.0,0.0,0.0
0.0,852.725716796,0.0,31.8791384443,-679.399862349,0.0,0.0,0.0,1109.23454737,0.0,0.0,289.625713897,254.611437404,0.0,79.6811345501,-85.7587205396,-431.018397664,0.0,0.0,836.377712363,0.0,-251.18524531,249.633676105,0.0,-594.049346812,0.0,0.0,0.0
0.0,848.676936315,0.0,31.7277748452,-676.174040906,0.0,0.0,0.0,1103.9678513,0.0,0.0,288.250557836,253.402530721,0.0,79.3028048998,-85.3515342345,-428.971902711,0.0,0.0,832.40655295,0.0,-249.992606343,248.448404059,0.0,-591.228773499,0.0,0.0,0.0
0.0,183.437754142,0.0,6.85781775431,-146.152018708,0.0,0.0,0.0,238.61775267,0.0,0.0,62.3040790872,54.7718326494,0.0,17.1409494067,-18.4483554137,-92.7203733909,0.0,0.0,179.920982971,0.0,-54.0347926252,53.7010201533,0.0,-127.791476066,0.0,0.0,0.0
0.0,0.0,0.0,0.0,0.0,0.0,0.0,0.0,0.0,0.0,0.0,0.0,0.0,0.0,0.0,0.0,0.0,0.0,0.0,0.0,0.0,0.0,0.0,0.0,0.0,0.0,0.0,0.0
0.0,1462.44614941,0.0,54.6735278954,-1165.18792975,0.0,0.0,0.0,1902.36527484,0.0,0.0,496.715417063,436.665048201,0.0,136.65515899,-147.078372519,-739.207442174,0.0,0.0,1434.40890876,0.0,-430.789042194,428.128061805,0.0,-1018.80963913,0.0,0.0,0.0
0.0,0.0,0.0,0.0,0.0,0.0,0.0,0.0,0.0,0.0,0.0,0.0,0.0,0.0,0.0,0.0,0.0,0.0,0.0,0.0,0.0,0.0,0.0,0.0,0.0,0.0,0.0,0.0
0.0,645.98004755,0.0,24.1499546249,-514.677517918,0.0,0.0,0.0,840.297614508,0.0,0.0,219.40517185,192.880201923,0.0,60.3622267649,-64.9662855016,-326.516814884,0.0,0.0,633.595661254,0.0,-190.284699421,189.10931239,0.0,-450.020467006,0.0,0.0,0.0
0.0,728.084404887,0.0,27.2194248225,-580.093264124,0.0,0.0,0.0,947.099822832,0.0,0.0,247.291668809,217.395363161,0.0,68.0342931929,-73.2235298855,-368.017250304,0.0,0.0,714.12595747,0.0,-214.469971112,213.145191856,0.0,-507.218272685,0.0,0.0,0.0
0.0,0.0,0.0,0.0,0.0,0.0,0.0,0.0,0.0,0.0,0.0,0.0,0.0,0.0,0.0,0.0,0.0,0.0,0.0,0.0,0.0,0.0,0.0,0.0,0.0,0.0,0.0,0.0
0.0,0.0,0.0,0.0,0.0,0.0,0.0,0.0,0.0,0.0,0.0,0.0,0.0,0.0,0.0,0.0,0.0,0.0,0.0,0.0,0.0,0.0,0.0,0.0,0.0,0.0,0.0,0.0
0.0,1048.94865859,0.0,39.214930252,-835.738339095,0.0,0.0,0.0,1364.48340611,0.0,0.0,356.272243351,313.200740246,0.0,98.0167685285,-105.492883703,-530.201166862,0.0,0.0,1028.83877216,0.0,-308.986138141,307.077533294,0.0,-730.747593514,0.0,0.0,0.0
0.0,0.0,0.0,0.0,0.0,0.0,0.0,0.0,0.0,0.0,0.0,0.0,0.0,0.0,0.0,0.0,0.0,0.0,0.0,0.0,0.0,0.0,0.0,0.0,0.0,0.0,0.0,0.0
0.0,0.0,0.0,0.0,0.0,0.0,0.0,0.0,0.0,0.0,0.0,0.0,0.0,0.0,0.0,0.0,0.0,0.0,0.0,0.0,0.0,0.0,0.0,0.0,0.0,0.0,0.0,0.0
0.0,651.537346998,0.0,24.3577141834,-519.105235302,0.0,0.0,0.0,847.526607861,0.0,0.0,221.292691821,194.539530325,0.0,60.8815167504,-65.5251837276,-329.325805227,0.0,0.0,639.04641911,0.0,-191.921698984,190.736200219,0.0,-453.891946478,0.0,0.0,0.0
0.0,0.0,0.0,0.0,0.0,0.0,0.0,0.0,0.0,0.0,0.0,0.0,0.0,0.0,0.0,0.0,0.0,0.0,0.0,0.0,0.0,0.0,0.0,0.0,0.0,0.0,0.0,0.0
0.0,0.0,0.0,0.0,0.0,0.0,0.0,0.0,0.0,0.0,0.0,0.0,0.0,0.0,0.0,0.0,0.0,0.0,0.0,0.0,0.0,0.0,0.0,0.0,0.0,0.0,0.0,0.0
201.719845029,0.0,-169.352670209,0.0,-44.1090587947,188.526366752,0.0,0.65049197722,0.0,-29.3828803431,0.0,261.274016459,-87.4170516094,0.0,-186.410394965,-23.1891890099,-292.821365084,0.0,39.3657548938,0.0,0.0,539.928274073,534.503958697,25.1127823958,-353.489043322,-200.244975656,0.0,101.670324507
0.0,0.0,0.0,0.0,0.0,0.0,0.0,0.0,0.0,0.0,0.0,0.0,0.0,0.0,0.0,0.0,0.0,0.0,0.0,0.0,0.0,0.0,0.0,0.0,0.0,0.0,0.0,0.0
905.312406047,0.0,-760.049529659,0.0,-197.960087369,846.100484872,0.0,2.91938781197,0.0,-131.869455364,0.0,1172.58967973,-392.325015472,0.0,-836.604069144,-104.072360822,-1314.17320159,0.0,176.672286624,0.0,0.0,2423.18134254,2398.83718342,112.705388258,-1586.44785928,-898.69323806,0.0,456.293262025
248.656320399,0.0,-208.757902911,0.0,-54.3724205943,232.392963855,0.0,0.801849423793,0.0,-36.2197329062,0.0,322.067645546,-107.757381978,0.0,-229.784644587,-28.5848842061,-360.955478452,0.0,48.5254376444,0.0,0.0,665.559592764,658.87313957,30.9560621792,-435.739402839,-246.838276213,0.0,125.32712774
0.0,0.0,0.0,0.0,0.0,0.0,0.0,0.0,0.0,0.0,0.0,0.0,0.0,0.0,0.0,0.0,0.0,0.0,0.0,0.0,0.0,0.0,0.0,0.0,0.0,0.0,0.0,0.0
0.0,0.0,0.0,0.0,0.0,0.0,0.0,0.0,0.0,0.0,0.0,0.0,0.0,0.0,0.0,0.0,0.0,0.0,0.0,0.0,0.0,0.0,0.0,0.0,0.0,0.0,0.0,0.0
0.0,0.0,0.0,0.0,0.0,0.0,0.0,0.0,0.0,0.0,0.0,0.0,0.0,0.0,0.0,0.0,0.0,0.0,0.0,0.0,0.0,0.0,0.0,0.0,0.0,0.0,0.0,0.0
786.17181664,0.0,-660.025771742,0.0,-171.908216953,734.752280879,0.0,2.53519161373,0.0,-114.515219929,0.0,1018.27496512,-340.694403464,0.0,-726.505608952,-90.376268372,-1141.22586454,0.0,153.421925511,0.0,0.0,2104.2867251,2083.14629703,97.8731753147,-1377.66873314,-780.423741957,0.0,396.244324423
0.0,0.0,0.0,0.0,0.0,0.0,0.0,0.0,0.0,0.0,0.0,0.0,0.0,0.0,0.0,0.0,0.0,0.0,0.0,0.0,0.0,0.0,0.0,0.0,0.0,0.0,0.0,0.0
0.0,0.0,0.0,0.0,0.0,0.0,0.0,0.0,0.0,0.0,0.0,0.0,0.0,0.0,0.0,0.0,0.0,0.0,0.0,0.0,0.0,0.0,0.0,0.0,0.0,0.0,0.0,0.0
387.608536649,0.0,-325.414391766,0.0,-84.7563993018,362.25701604,0.0,1.24993276371,0.0,-56.459766022,0.0,502.043015002,-167.973535016,0.0,-358.191135821,-44.5584697772,-562.661848185,0.0,75.6420502219,0.0,0.0,1037.48249548,1027.05956984,48.2546912239,-679.235951147,-384.774546967,0.0,195.361471239
445.75101228,0.0,-374.227553898,0.0,-97.470120531,416.596685413,0.0,1.43742653225,0.0,-64.9289050107,0.0,577.351015228,-193.17008319,0.0,-411.920910624,-51.2423776333,-647.062860298,0.0,86.9885909864,0.0,0.0,1193.10806873,1181.1216721,55.4930436938,-781.123438144,-442.491915408,0.0,224.666294293
0.0,0.0,0.0,0.0,0.0,0.0,0.0,0.0,0.0,0.0,0.0,0.0,0.0,0.0,0.0,0.0,0.0,0.0,0.0,0.0,0.0,0.0,0.0,0.0,0.0,0.0,0.0,0.0
423.204147239,0.0,-355.298470351,0.0,-92.5399115295,395.524497164,0.0,1.3647189867,0.0,-61.6446875479,0.0,548.147592099,-183.399202865,0.0,-391.085231234,-48.6504486391,-614.333290241,0.0,82.5885560631,0.0,0.0,1132.75857795,1121.37847421,52.6861085832,-741.612849821,-420.109901181,0.0,213.302280578
554.529426589,0.0,-465.551810674,0.0,-121.2561465,518.260451948,0.0,1.7882075166,0.0,-80.7737671316,0.0,718.244308133,-240.310156376,0.0,-512.443629012,-63.7472613706,-804.968215445,0.0,108.216767098,0.0,0.0,1484.2670347,1469.35554944,69.0352345847,-971.744135886,-550.474999184,0.0,279.492514691
193.265257734,0.0,-162.254672816,0.0,-42.2603369298,180.624751395,0.0,0.623228218388,0.0,-28.1513697458,0.0,250.323363687,-83.7531825744,0.0,-178.597465321,-22.2172716322,-280.548483391,0.0,37.7158368544,0.0,0.0,517.298518801,512.101550158,24.0602423695,-338.673426275,-191.852203855,0.0,97.4090648689
0.0,0.0,0.0,0.0,0.0,0.0,0.0,0.0,0.0,0.0,0.0,0.0,0.0,0.0,0.0,0.0,0.0,0.0,0.0,0.0,0.0,0.0,0.0,0.0,0.0,0.0,0.0,0.0
0.0,0.0,0.0,0.0,0.0,0.0,0.0,0.0,0.0,0.0,0.0,0.0,0.0,0.0,0.0,0.0,0.0,0.0,0.0,0.0,0.0,0.0,0.0,0.0,0.0,0.0,0.0,0.0
351.871630575,0.0,-295.411689416,0.0,-76.941990705,328.857480858,0.0,1.13469090097,0.0,-51.2542631383,0.0,455.75542746,-152.486635539,0.0,-325.166468491,-40.4502479538,-510.785298216,0.0,68.6679704781,0.0,0.0,941.828218063,932.366270004,43.8056835143,-616.611449639,-349.298930348,0.0,177.349446508
0.0,0.0,0.0,0.0,0.0,0.0,0.0,0.0,0.0,0.0,0.0,0.0,0.0,0.0,0.0,0.0,0.0,0.0,0.0,0.0,0.0,0.0,0.0,0.0,0.0,0.0,0.0,0.0
735.635079705,0.0,-617.597961318,0.0,-160.857604156,687.520897173,0.0,2.37222429672,0.0,-107.153946703,0.0,952.818161719,-318.793868392,0.0,-679.804338232,-84.5666964651,-1067.86552514,0.0,143.559649447,0.0,0.0,1969.01885819,1949.2373802,91.5816868522,-1289.10936116,-730.256503053,0.0,370.77292649
570.178473584,0.0,-478.689872992,0.0,-124.678044499,532.88597366,0.0,1.83867146337,0.0,-83.0532358436,0.0,738.513455978,-247.091807178,0.0,-526.904997603,-65.5462351331,-827.684747389,0.0,111.270688482,0.0,0.0,1526.15365688,1510.82136341,70.983437112,-999.167152449,-566.009628581,0.0,287.379907654
0.0,0.0,0.0,0.0,0.0,0.0,0.0,0.0,0.0,0.0,0.0,0.0,0.0,0.0,0.0,0.0,0.0,0.0,0.0,0.0,0.0,0.0,0.0,0.0,0.0,0.0,0.0,0.0
416.917412526,0.0,-350.020480423,0.0,-91.1652230301,389.648946081,0.0,1.3444459665,0.0,-60.7289503096,0.0,540.004811558,-180.674791627,0.0,-385.275625835,-47.9277419591,-605.207315351,0.0,81.3616958217,0.0,0.0,1115.93134996,1104.72029865,51.9034518209,-730.596125914,-413.869131765,0.0,210.133656499
0.0,0.0,0.0,0.0,0.0,0.0,0.0,0.0,0.0,0.0,0.0,0.0,0.0,0.0,0.0,0.0,0.0,0.0,0.0,0.0,0.0,0.0,0.0,0.0,0.0,0.0,0.0,0.0
0.0,0.0,0.0,0.0,0.0,0.0,0.0,0.0,0.0,0.0,0.0,0.0,0.0,0.0,0.0,0.0,0.0,0.0,0.0,0.0,0.0,0.0,0.0,0.0,0.0,0.0,0.0,0.0
0.0,0.0,0.0,0.0,0.0,0.0,0.0,0.0,0.0,0.0,0.0,0.0,0.0,0.0,0.0,0.0,0.0,0.0,0.0,0.0,0.0,0.0,0.0,0.0,0.0,0.0,0.0,0.0
0.0,-61.3087865422,-728.947585052,0.0,0.0,0.0,0.0,0.0,-623.163806026,-1135.8048917,0.0,0.0,543.477789581,0.0,0.0,0.0,0.0,428.115655479,0.0,0.0,0.0,0.0,0.0,0.0,0.0,1323.6938958,878.040879738,905.307918633
0.0,0.0,0.0,0.0,0.0,0.0,0.0,0.0,0.0,0.0,0.0,0.0,0.0,0.0,0.0,0.0,0.0,0.0,0.0,0.0,0.0,0.0,0.0,0.0,0.0,0.0,0.0,0.0
0.0,-88.2227823028,-1048.94889841,0.0,0.0,0.0,0.0,0.0,-896.72700927,-1634.41283624,0.0,0.0,782.059561456,0.0,0.0,0.0,0.0,616.054507093,0.0,0.0,0.0,0.0,0.0,0.0,0.0,1904.78339225,1263.4927839,1302.72980313
0.0,0.0,0.0,0.0,0.0,0.0,0.0,0.0,0.0,0.0,0.0,0.0,0.0,0.0,0.0,0.0,0.0,0.0,0.0,0.0,0.0,0.0,0.0,0.0,0.0,0.0,0.0,0.0
0.0,-7.7249719627,-91.848166868,0.0,0.0,0.0,0.0,0.0,-78.5192988024,-143.112617919,0.0,0.0,68.4787764307,0.0,0.0,0.0,0.0,53.9430254926,0.0,0.0,0.0,0.0,0.0,0.0,0.0,166.786831203,110.634079724,114.06975547
0.0,-55.0197150347,-654.171949353,0.0,0.0,0.0,0.0,0.0,-559.239498304,-1019.29372608,0.0,0.0,487.727694461,0.0,0.0,0.0,0.0,384.199438528,0.0,0.0,0.0,0.0,0.0,0.0,0.0,1187.90902655,787.971214513,812.441193361
0.0,0.0,0.0,0.0,0.0,0.0,0.0,0.0,0.0,0.0,0.0,0.0,0.0,0.0,0.0,0.0,0.0,0.0,0.0,0.0,0.0,0.0,0.0,0.0,0.0,0.0,0.0,0.0
0.0,-40.4772979037,-481.26590364,0.0,0.0,0.0,0.0,0.0,-411.425318326,-749.881306656,0.0,0.0,358.815002443,0.0,0.0,0.0,0.0,282.650593844,0.0,0.0,0.0,0.0,0.0,0.0,0.0,873.929418203,579.700305049,597.702554296
0.0,0.0,0.0,0.0,0.0,0.0,0.0,0.0,0.0,0.0,0.0,0.0,0.0,0.0,0.0,0.0,0.0,0.0,0.0,0.0,0.0,0.0,0.0,0.0,0.0,0.0,0.0,0.0
0.0,-87.2215198256,-1037.04411435,0.0,0.0,0.0,0.0,0.0,-886.549829599,-1615.86347515,0.0,0.0,773.183771401,0.0,0.0,0.0,0.0,609.062750024,0.0,0.0,0.0,0.0,0.0,0.0,0.0,1883.16552793,1249.15308749,1287.94479595
0.0,0.0,0.0,0.0,0.0,0.0,0.0,0.0,0.0,0.0,0.0,0.0,0.0,0.0,0.0,0.0,0.0,0.0,0.0,0.0,0.0,0.0,0.0,0.0,0.0,0.0,0.0,0.0
0.0,-98.9843234972,-1176.90118563,0.0,0.0,0.0,0.0,0.0,-1006.11105269,-1833.78085215,0.0,0.0,877.456305556,0.0,0.0,0.0,0.0,691.201717179,0.0,0.0,0.0,0.0,0.0,0.0,0.0,2137.13159537,1417.6154412,1461.63864817
0.0,-66.2034999699,-787.144619015,0.0,0.0,0.0,0.0,0.0,-672.915373803,-1226.48421791,0.0,0.0,586.867459877,0.0,0.0,0.0,0.0,462.295151855,0.0,0.0,0.0,0.0,0.0,0.0,0.0,1429.37372819,948.141084398,977.585043584
0.0,0.0,0.0,0.0,0.0,0.0,0.0,0.0,0.0,0.0,0.0,0.0,0.0,0.0,0.0,0.0,0.0,0.0,0.0,0.0,0.0,0.0,0.0,0.0,0.0,0.0,0.0,0.0
0.0,-15.7588138893,-187.368727645,0.0,0.0,0.0,0.0,0.0,-160.178059224,-291.947352285,0.0,0.0,139.695561142,0.0,0.0,0.0,0.0,110.042871802,0.0,0.0,0.0,0.0,0.0,0.0,0.0,340.242352309,225.691676371,232.700397559
0.0,-2.92835037921,-34.8174227138,0.0,0.0,0.0,0.0,0.0,-29.764770608,-54.2505385101,0.0,0.0,25.9586509695,0.0,0.0,0.0,0.0,20.4484987026,0.0,0.0,0.0,0.0,0.0,0.0,0.0,63.2248612368,41.9387087587,43.2410904921
0.0,-43.4203599272,-516.258244473,0.0,0.0,0.0,0.0,0.0,-441.339623198,-804.404392684,0.0,0.0,384.904066235,0.0,0.0,0.0,0.0,303.201823095,0.0,0.0,0.0,0.0,0.0,0.0,0.0,937.471912766,621.849708325,641.160882298
0.0,0.0,0.0,0.0,0.0,0.0,0.0,0.0,0.0,0.0,0.0,0.0,0.0,0.0,0.0,0.0,0.0,0.0,0.0,0.0,0.0,0.0,0.0,0.0,0.0,0.0,0.0,0.0
0.0,-10.7937385627,-128.335106642,0.0,0.0,0.0,0.0,0.0,-109.711308662,-199.96450347,0.0,0.0,95.682160849,0.0,0.0,0.0,0.0,75.3720424179,0.0,0.0,0.0,0.0,0.0,0.0,0.0,233.043363834,154.583775635,159.384283128
0.0,0.0,0.0,0.0,0.0,0.0,0.0,0.0,0.0,0.0,0.0,0.0,0.0,0.0,0.0,0.0,0.0,0.0,0.0,0.0,0.0,0.0,0.0,0.0,0.0,0.0,0.0,0.0
0.0,0.0,0.0,0.0,0.0,0.0,0.0,0.0,0.0,0.0,0.0,0.0,0.0,0.0,0.0,0.0,0.0,0.0,0.0,0.0,0.0,0.0,0.0,0.0,0.0,0.0,0.0,0.0
0.0,-48.5671879243,-577.45286356,0.0,0.0,0.0,0.0,0.0,-493.653771047,-899.754386469,0.0,0.0,430.528631016,0.0,0.0,0.0,0.0,339.141820702,0.0,0.0,0.0,0.0,0.0,0.0,0.0,1048.59505166,695.56060096,717.160822997
0.0,-55.7757491646,-663.161023909,0.0,0.0,0.0,0.0,0.0,-566.924091857,-1033.29999356,0.0,0.0,494.429633627,0.0,0.0,0.0,0.0,389.478780451,0.0,0.0,0.0,0.0,0.0,0.0,0.0,1204.23226207,798.798844775,823.60506926
0.0,-9.5277624598,-113.282937532,0.0,0.0,0.0,0.0,0.0,-96.8434877319,-176.511065039,0.0,0.0,84.4597907306,0.0,0.0,0.0,0.0,66.5318056477,0.0,0.0,0.0,0.0,0.0,0.0,0.0,205.710171738,136.452952406,140.690417935
0.0,-40.1209894971,-477.029477393,0.0,0.0,0.0,0.0,0.0,-407.803675895,-743.280346925,0.0,0.0,355.656471404,0.0,0.0,0.0,0.0,280.162513169,0.0,0.0,0.0,0.0,0.0,0.0,0.0,866.236503543,574.597392981,592.441174319
0.0,-17.8913634212,-212.72425854,0.0,0.0,0.0,0.0,0.0,-181.854033547,-331.454906207,0.0,0.0,158.599756954,0.0,0.0,0.0,0.0,124.934339929,0.0,0.0,0.0,0.0,0.0,0.0,0.0,386.285390462,256.233231223,264.190402288
0.0,0.0,0.0,0.0,0.0,0.0,0.0,0.0,0.0,0.0,0.0,0.0,0.0,0.0,0.0,0.0,0.0,0.0,0.0,0.0,0.0,0.0,0.0,0.0,0.0,0.0,0.0,0.0
0.0,-19.1070154327,-227.178085601,0.0,0.0,0.0,0.0,0.0,-194.210342927,-353.976041905,0.0,0.0,169.376024196,0.0,0.0,0.0,0.0,133.423166524,0.0,0.0,0.0,0.0,0.0,0.0,0.0,412.532054892,273.643332153,282.141163579
0.0,0.0,0.0,0.0
5.67038350175e-3012,0.0,822.249335662,-822.249335662
1.76593538504e-3011,0.0,2560.74249074,-2560.74249074
0.0,0.0,0.0,0.0
0.0,0.0,0.0,0.0
0.0,0.0,0.0,0.0
0.0,0.0,0.0,0.0
0.0,0.0,0.0,0.0
3.22891397951e-3011,0.0,4682.17427224,-4682.17427224
5.39423882658e-3013,0.0,78.2206228236,-78.2206228236
0.0,0.0,0.0,0.0
0.0,0.0,0.0,0.0
2.56724953701e-3012,0.0,372.270980549,-372.270980549
0.0,0.0,0.0,0.0
0.0,0.0,0.0,0.0
0.0,0.0,0.0,0.0
0.0,0.0,0.0,0.0
1.15509591183e-3011,0.0,1674.9781489,-1674.9781489
0.0,0.0,0.0,0.0
0.0,0.0,0.0,0.0
0.0,0.0,0.0,0.0
0.0,0.0,0.0,0.0
0.0,0.0,0.0,0.0
0.0,0.0,0.0,0.0
0.0,0.0,0.0,0.0
1.2980816492e-3011,0.0,1882.31849461,-1882.31849461
4.34870667126e-3011,0.0,6305.96002956,-6305.96002956
2.14067293154e-3011,0.0,3104.14083154,-3104.14083154
